student_username,student_name,course_id,course_name,role
su-student001,Liban Abdi,SU-MATH101,University Mathematics I,student
su-student001,Liban Abdi,SU-ECON101,Principles of Economics I,student
su-student001,Liban Abdi,SU-ICT101,Introduction to Computing,student
su-student002,Yusuf Farah,SU-ENG101,Academic English I,student
su-student002,Yusuf Farah,SU-MATH101,University Mathematics I,student
su-student003,Zahra Ismail,SU-ENG101,Academic English I,student
su-student004,Layla Hassan,SU-ICT101,Introduction to Computing,student
su-student004,Layla Hassan,SU-MATH101,University Mathematics I,student
su-student004,Layla Hassan,SU-ENG101,Academic English I,student
su-student005,Bashir Duale,SU-ARB101,Arabic Language I,student
su-student005,Bashir Duale,SU-ECON101,Principles of Economics I,student
su-student005,Bashir Duale,SU-ICT101,Introduction to Computing,student
su-student006,Hamdi Egal,SU-ECON101,Principles of Economics I,student
su-student007,Farah Farah,SU-ICT101,Introduction to Computing,student
su-student007,Farah Farah,SU-ARB101,Arabic Language I,student
su-student007,Farah Farah,SU-ENG101,Academic English I,student
su-student008,Hodan Nuur,SU-ENG101,Academic English I,student
su-student008,Hodan Nuur,SU-MATH101,University Mathematics I,student
su-student009,Jamal Guleed,SU-MATH101,University Mathematics I,student
su-student009,Jamal Guleed,SU-ARB101,Arabic Language I,student
su-student009,Jamal Guleed,SU-ENG101,Academic English I,student
su-student010,Yasmin Samatar,SU-ICT101,Introduction to Computing,student
su-student010,Yasmin Samatar,SU-MATH101,University Mathematics I,student
su-student011,Rahma Hersi,SU-ARB101,Arabic Language I,student
su-student011,Rahma Hersi,SU-ENG101,Academic English I,student
su-student011,Rahma Hersi,SU-MATH101,University Mathematics I,student
su-student012,Hibo Hassan,SU-MATH101,University Mathematics I,student
su-student012,Hibo Hassan,SU-ARB101,Arabic Language I,student
su-student013,Jawahir Elmi,SU-MATH101,University Mathematics I,student
su-student013,Jawahir Elmi,SU-ECON101,Principles of Economics I,student
su-student013,Jawahir Elmi,SU-ICT101,Introduction to Computing,student
su-student014,Hibo Osman,SU-ICT101,Introduction to Computing,student
su-student014,Hibo Osman,SU-MATH101,University Mathematics I,student
su-student014,Hibo Osman,SU-ARB101,Arabic Language I,student
su-student015,Abdullahi Hussein,SU-ICT101,Introduction to Computing,student
su-student016,Hamdi Ali,SU-ARB101,Arabic Language I,student
su-student016,Hamdi Ali,SU-ENG101,Academic English I,student
su-student016,Hamdi Ali,SU-MATH101,University Mathematics I,student
su-student017,Nur Samatar,SU-ICT101,Introduction to Computing,student
su-student018,Rahma Elmi,SU-ENG101,Academic English I,student
su-student018,Rahma Elmi,SU-ICT101,Introduction to Computing,student
su-student018,Rahma Elmi,SU-MATH101,University Mathematics I,student
su-student019,Maryan Hassan,SU-ARB101,Arabic Language I,student
su-student020,Iman Aden,SU-ECON101,Principles of Economics I,student
su-student020,Iman Aden,SU-MATH101,University Mathematics I,student
su-student020,Iman Aden,SU-ICT101,Introduction to Computing,student
su-student021,Khadija Mohamed,SU-MATH101,University Mathematics I,student
su-student021,Khadija Mohamed,SU-ARB101,Arabic Language I,student
su-student022,Yasmin Ismail,SU-ECON101,Principles of Economics I,student
su-student023,Ifrah Samatar,SU-ARB101,Arabic Language I,student
su-student024,Hodan Egal,SU-ENG101,Academic English I,student
su-student025,Rahma Egal,SU-ENG101,Academic English I,student
su-student025,Rahma Egal,SU-MATH101,University Mathematics I,student
su-student026,Dahir Samatar,SU-ECON101,Principles of Economics I,student
su-student026,Dahir Samatar,SU-ARB101,Arabic Language I,student
su-student027,Yasmin Egal,SU-ENG101,Academic English I,student
su-student027,Yasmin Egal,SU-ARB101,Arabic Language I,student
su-student027,Yasmin Egal,SU-ECON101,Principles of Economics I,student
su-student028,Mustaf Awale,SU-ARB101,Arabic Language I,student
su-student029,Abdullahi Farah,SU-ICT101,Introduction to Computing,student
su-student029,Abdullahi Farah,SU-ARB101,Arabic Language I,student
su-student029,Abdullahi Farah,SU-ECON101,Principles of Economics I,student
su-student030,Sahra Osman,SU-MATH101,University Mathematics I,student
su-student030,Sahra Osman,SU-ARB101,Arabic Language I,student
su-student030,Sahra Osman,SU-ENG101,Academic English I,student
su-student031,Khalid Barre,SU-ICT101,Introduction to Computing,student
su-student032,Sharmarke Sheikh,SU-MATH101,University Mathematics I,student
su-student033,Amina Elmi,SU-ENG101,Academic English I,student
su-student034,Ubax Isse,SU-ENG101,Academic English I,student
su-student034,Ubax Isse,SU-ARB101,Arabic Language I,student
su-student035,Jamal Jama,SU-ICT101,Introduction to Computing,student
su-student035,Jamal Jama,SU-ENG101,Academic English I,student
su-student036,Liban Farah,SU-ENG101,Academic English I,student
su-student037,Yasmin Farah,SU-ARB101,Arabic Language I,student
su-student038,Omar Sheikh,SU-ECON101,Principles of Economics I,student
su-student039,Farhiya Nuur,SU-ECON101,Principles of Economics I,student
su-student039,Farhiya Nuur,SU-ARB101,Arabic Language I,student
su-student040,Filsan Jama,SU-ARB101,Arabic Language I,student
su-student040,Filsan Jama,SU-MATH101,University Mathematics I,student
su-student040,Filsan Jama,SU-ENG101,Academic English I,student
su-student041,Omar Egal,SU-ENG101,Academic English I,student
su-student041,Omar Egal,SU-ICT101,Introduction to Computing,student
su-student042,Mohamed Hussein,SU-ENG101,Academic English I,student
su-student042,Mohamed Hussein,SU-MATH101,University Mathematics I,student
su-student042,Mohamed Hussein,SU-ICT101,Introduction to Computing,student
su-student043,Khadija Barre,SU-ARB101,Arabic Language I,student
su-student043,Khadija Barre,SU-ICT101,Introduction to Computing,student
su-student044,Elmi Abdi,SU-ENG101,Academic English I,student
su-student044,Elmi Abdi,SU-MATH101,University Mathematics I,student
su-student044,Elmi Abdi,SU-ECON101,Principles of Economics I,student
su-student045,Filsan Samatar,SU-ARB101,Arabic Language I,student
su-student045,Filsan Samatar,SU-ENG101,Academic English I,student
su-student046,Mohamed Barre,SU-ENG101,Academic English I,student
su-student046,Mohamed Barre,SU-ARB101,Arabic Language I,student
su-student046,Mohamed Barre,SU-ICT101,Introduction to Computing,student
su-student047,Nimco Abdi,SU-ICT101,Introduction to Computing,student
su-student047,Nimco Abdi,SU-MATH101,University Mathematics I,student
su-student047,Nimco Abdi,SU-ENG101,Academic English I,student
su-student048,Jawahir Mire,SU-ECON101,Principles of Economics I,student
su-student048,Jawahir Mire,SU-ENG101,Academic English I,student
su-student048,Jawahir Mire,SU-MATH101,University Mathematics I,student
su-student049,Sagal Mohamed,SU-ECON101,Principles of Economics I,student
su-student049,Sagal Mohamed,SU-ARB101,Arabic Language I,student
su-student049,Sagal Mohamed,SU-ICT101,Introduction to Computing,student
su-student050,Sharmarke Hassan,SU-ICT101,Introduction to Computing,student
su-student051,Amina Warsame,SU-MATH101,University Mathematics I,student
su-student051,Amina Warsame,SU-ARB101,Arabic Language I,student
su-student052,Sharmarke Nuur,SU-ARB101,Arabic Language I,student
su-student052,Sharmarke Nuur,SU-ECON101,Principles of Economics I,student
su-student052,Sharmarke Nuur,SU-ENG101,Academic English I,student
su-student053,Nasra Warsame,SU-ARB101,Arabic Language I,student
su-student053,Nasra Warsame,SU-ICT101,Introduction to Computing,student
su-student053,Nasra Warsame,SU-MATH101,University Mathematics I,student
su-student054,Jawahir Aden,SU-ARB101,Arabic Language I,student
su-student054,Jawahir Aden,SU-ICT101,Introduction to Computing,student
su-student054,Jawahir Aden,SU-ECON101,Principles of Economics I,student
su-student055,Awil Guleed,SU-ENG101,Academic English I,student
su-student056,Zahra Warsame,SU-ICT101,Introduction to Computing,student
su-student056,Zahra Warsame,SU-ARB101,Arabic Language I,student
su-student056,Zahra Warsame,SU-MATH101,University Mathematics I,student
su-student057,Deeqa Abdi,SU-ECON101,Principles of Economics I,student
su-student058,Yusuf Mire,SU-ARB101,Arabic Language I,student
su-student058,Yusuf Mire,SU-MATH101,University Mathematics I,student
su-student058,Yusuf Mire,SU-ENG101,Academic English I,student
su-student059,Kaafi Nuur,SU-MATH101,University Mathematics I,student
su-student059,Kaafi Nuur,SU-ECON101,Principles of Economics I,student
su-student059,Kaafi Nuur,SU-ENG101,Academic English I,student
su-student060,Dahir Osman,SU-MATH101,University Mathematics I,student
su-student060,Dahir Osman,SU-ENG101,Academic English I,student
su-student061,Mohamed Mire,SU-ENG101,Academic English I,student
su-student061,Mohamed Mire,SU-MATH101,University Mathematics I,student
su-student062,Hibo Barre,SU-ECON101,Principles of Economics I,student
su-student062,Hibo Barre,SU-ARB101,Arabic Language I,student
su-student062,Hibo Barre,SU-ICT101,Introduction to Computing,student
su-student063,Iman Gedi,SU-MATH101,University Mathematics I,student
su-student063,Iman Gedi,SU-ICT101,Introduction to Computing,student
su-student063,Iman Gedi,SU-ECON101,Principles of Economics I,student
su-student064,Jawahir Barre,SU-ICT101,Introduction to Computing,student
su-student065,Fadumo Nuur,SU-ICT101,Introduction to Computing,student
su-student065,Fadumo Nuur,SU-ECON101,Principles of Economics I,student
su-student065,Fadumo Nuur,SU-ARB101,Arabic Language I,student
su-student066,Amina Egal,SU-ECON101,Principles of Economics I,student
su-student067,Hamza Mohamed,SU-ARB101,Arabic Language I,student
su-student067,Hamza Mohamed,SU-ECON101,Principles of Economics I,student
su-student067,Hamza Mohamed,SU-ENG101,Academic English I,student
su-student068,Abdi Abdi,SU-MATH101,University Mathematics I,student
su-student068,Abdi Abdi,SU-ARB101,Arabic Language I,student
su-student069,Amina Barre,SU-ICT101,Introduction to Computing,student
su-student069,Amina Barre,SU-MATH101,University Mathematics I,student
su-student070,Kaafi Hussein,SU-ENG101,Academic English I,student
su-student070,Kaafi Hussein,SU-ECON101,Principles of Economics I,student
su-student071,Warsame Isse,SU-ICT101,Introduction to Computing,student
su-student072,Sahra Warsame,SU-ENG101,Academic English I,student
su-student073,Zakariye Hersi,SU-ECON101,Principles of Economics I,student
su-student074,Ahmed Guleed,SU-ENG101,Academic English I,student
su-student074,Ahmed Guleed,SU-MATH101,University Mathematics I,student
su-student074,Ahmed Guleed,SU-ICT101,Introduction to Computing,student
su-student075,Ifrah Barre,SU-MATH101,University Mathematics I,student
su-student075,Ifrah Barre,SU-ARB101,Arabic Language I,student
su-student076,Guled Mohamed,SU-ARB101,Arabic Language I,student
su-student076,Guled Mohamed,SU-ECON101,Principles of Economics I,student
su-student076,Guled Mohamed,SU-MATH101,University Mathematics I,student
su-student077,Elmi Hersi,SU-ENG101,Academic English I,student
su-student078,Hamdi Hussein,SU-MATH101,University Mathematics I,student
su-student078,Hamdi Hussein,SU-ENG101,Academic English I,student
su-student078,Hamdi Hussein,SU-ARB101,Arabic Language I,student
su-student079,Deeqa Ali,SU-ARB101,Arabic Language I,student
su-student080,Omar Hersi,SU-ECON101,Principles of Economics I,student
su-student080,Omar Hersi,SU-ARB101,Arabic Language I,student
su-student081,Warsame Samatar,SU-ICT101,Introduction to Computing,student
su-student082,Abdullahi Awale,SU-ECON101,Principles of Economics I,student
su-student083,Ismail Ismail,SU-MATH101,University Mathematics I,student
su-student083,Ismail Ismail,SU-ENG101,Academic English I,student
su-student083,Ismail Ismail,SU-ECON101,Principles of Economics I,student
su-student084,Hibo Awale,SU-MATH101,University Mathematics I,student
su-student085,Ifrah Nuur,SU-ECON101,Principles of Economics I,student
su-student086,Omar Osman,SU-ECON101,Principles of Economics I,student
su-student087,Nasra Samatar,SU-ENG101,Academic English I,student
su-student088,Hamdi Abdi,SU-MATH101,University Mathematics I,student
su-student089,Deeqa Ismail,SU-ECON101,Principles of Economics I,student
su-student089,Deeqa Ismail,SU-ARB101,Arabic Language I,student
su-student089,Deeqa Ismail,SU-ICT101,Introduction to Computing,student
su-student090,Halima Guleed,SU-ENG101,Academic English I,student
su-student090,Halima Guleed,SU-ICT101,Introduction to Computing,student
su-student091,Awil Farah,SU-ECON101,Principles of Economics I,student
su-student091,Awil Farah,SU-ENG101,Academic English I,student
su-student092,Liban Ali,SU-ICT101,Introduction to Computing,student
su-student093,Awil Ali,SU-ENG101,Academic English I,student
su-student093,Awil Ali,SU-ECON101,Principles of Economics I,student
su-student094,Warsame Guleed,SU-ICT101,Introduction to Computing,student
su-student094,Warsame Guleed,SU-MATH101,University Mathematics I,student
su-student095,Sahra Guleed,SU-ENG101,Academic English I,student
su-student096,Ahmed Samatar,SU-ENG101,Academic English I,student
su-student096,Ahmed Samatar,SU-MATH101,University Mathematics I,student
su-student097,Iman Awale,SU-ICT101,Introduction to Computing,student
su-student097,Iman Awale,SU-ARB101,Arabic Language I,student
su-student098,Halima Hassan,SU-ICT101,Introduction to Computing,student
su-student098,Halima Hassan,SU-MATH101,University Mathematics I,student
su-student099,Nur Ismail,SU-ECON101,Principles of Economics I,student
su-student099,Nur Ismail,SU-ICT101,Introduction to Computing,student
su-student099,Nur Ismail,SU-ARB101,Arabic Language I,student
su-student100,Zahra Elmi,SU-ECON101,Principles of Economics I,student
su-student101,Abdi Gedi,SU-ECON101,Principles of Economics I,student
su-student102,Kaafi Osman,SU-ICT101,Introduction to Computing,student
su-student102,Kaafi Osman,SU-ECON101,Principles of Economics I,student
su-student103,Hamza Guleed,SU-ENG101,Academic English I,student
su-student104,Liban Jama,SU-ICT101,Introduction to Computing,student
su-student105,Zahra Gedi,SU-ARB101,Arabic Language I,student
su-student106,Sagal Barre,SU-ARB101,Arabic Language I,student
su-student107,Rahma Hussein,SU-ECON101,Principles of Economics I,student
su-student107,Rahma Hussein,SU-ARB101,Arabic Language I,student
su-student108,Warsame Aden,SU-ENG101,Academic English I,student
su-student108,Warsame Aden,SU-MATH101,University Mathematics I,student
su-student108,Warsame Aden,SU-ICT101,Introduction to Computing,student
su-student109,Jamal Hassan,SU-ENG101,Academic English I,student
su-student110,Hodan Duale,SU-ENG101,Academic English I,student
su-student111,Naima Barre,SU-MATH101,University Mathematics I,student
su-student111,Naima Barre,SU-ENG101,Academic English I,student
su-student111,Naima Barre,SU-ICT101,Introduction to Computing,student
su-student112,Naima Jama,SU-ARB101,Arabic Language I,student
su-student113,Khadija Farah,SU-ARB101,Arabic Language I,student
su-student113,Khadija Farah,SU-MATH101,University Mathematics I,student
su-student114,Iman Nuur,SU-ICT101,Introduction to Computing,student
su-student114,Iman Nuur,SU-MATH101,University Mathematics I,student
su-student115,Guled Isse,SU-ENG101,Academic English I,student
su-student116,Omar Ali,SU-ARB101,Arabic Language I,student
su-student116,Omar Ali,SU-ENG101,Academic English I,student
su-student116,Omar Ali,SU-ECON101,Principles of Economics I,student
su-student117,Hussein Hussein,SU-ARB101,Arabic Language I,student
su-student117,Hussein Hussein,SU-ENG101,Academic English I,student
su-student118,Hamdi Sheikh,SU-ENG101,Academic English I,student
su-student119,Nasra Isse,SU-ECON101,Principles of Economics I,student
su-student120,Khadija Hassan,SU-ENG101,Academic English I,student
su-student120,Khadija Hassan,SU-MATH101,University Mathematics I,student
su-student121,Omar Mohamed,SU-ARB101,Arabic Language I,student
su-student122,Rahma Abdi,SU-ICT101,Introduction to Computing,student
su-student123,Layla Farah,SU-ARB101,Arabic Language I,student
su-student123,Layla Farah,SU-ENG101,Academic English I,student
su-student123,Layla Farah,SU-MATH101,University Mathematics I,student
su-student124,Hussein Awale,SU-ENG101,Academic English I,student
su-student124,Hussein Awale,SU-ICT101,Introduction to Computing,student
su-student125,Yusuf Mohamed,SU-ECON101,Principles of Economics I,student
su-student125,Yusuf Mohamed,SU-ARB101,Arabic Language I,student
su-student126,Nur Hersi,SU-ARB101,Arabic Language I,student
su-student126,Nur Hersi,SU-ENG101,Academic English I,student
su-student126,Nur Hersi,SU-ECON101,Principles of Economics I,student
su-student127,Nur Duale,SU-ARB101,Arabic Language I,student
su-student128,Jawahir Hassan,SU-MATH101,University Mathematics I,student
su-student128,Jawahir Hassan,SU-ENG101,Academic English I,student
su-student128,Jawahir Hassan,SU-ARB101,Arabic Language I,student
su-student129,Jamal Isse,SU-ICT101,Introduction to Computing,student
su-student129,Jamal Isse,SU-ENG101,Academic English I,student
su-student129,Jamal Isse,SU-MATH101,University Mathematics I,student
su-student130,Hassan Abdi,SU-ECON101,Principles of Economics I,student
su-student130,Hassan Abdi,SU-ARB101,Arabic Language I,student
su-student131,Hassan Barre,SU-ECON101,Principles of Economics I,student
su-student131,Hassan Barre,SU-ENG101,Academic English I,student
su-student131,Hassan Barre,SU-ARB101,Arabic Language I,student
su-student132,Rahma Mire,SU-ENG101,Academic English I,student
su-student132,Rahma Mire,SU-ECON101,Principles of Economics I,student
su-student133,Zahra Ali,SU-ARB101,Arabic Language I,student
su-student133,Zahra Ali,SU-MATH101,University Mathematics I,student
su-student134,Mustaf Aden,SU-MATH101,University Mathematics I,student
su-student134,Mustaf Aden,SU-ENG101,Academic English I,student
su-student135,Amina Nuur,SU-ECON101,Principles of Economics I,student
su-student135,Amina Nuur,SU-ENG101,Academic English I,student
su-student136,Awil Egal,SU-ICT101,Introduction to Computing,student
su-student136,Awil Egal,SU-MATH101,University Mathematics I,student
su-student136,Awil Egal,SU-ARB101,Arabic Language I,student
su-student137,Jamal Mohamed,SU-ARB101,Arabic Language I,student
su-student137,Jamal Mohamed,SU-ENG101,Academic English I,student
su-student137,Jamal Mohamed,SU-ICT101,Introduction to Computing,student
su-student138,Liban Hersi,SU-ENG101,Academic English I,student
su-student138,Liban Hersi,SU-MATH101,University Mathematics I,student
su-student138,Liban Hersi,SU-ICT101,Introduction to Computing,student
su-student139,Filsan Elmi,SU-ICT101,Introduction to Computing,student
su-student139,Filsan Elmi,SU-ARB101,Arabic Language I,student
su-student140,Sharmarke Elmi,SU-ENG101,Academic English I,student
su-student140,Sharmarke Elmi,SU-ARB101,Arabic Language I,student
su-student140,Sharmarke Elmi,SU-ECON101,Principles of Economics I,student
su-student141,Dahir Abdi,SU-ENG101,Academic English I,student
su-student141,Dahir Abdi,SU-MATH101,University Mathematics I,student
su-student142,Warsame Barre,SU-ICT101,Introduction to Computing,student
su-student143,Rahma Nuur,SU-ENG101,Academic English I,student
su-student144,Ismail Sheikh,SU-ENG101,Academic English I,student
su-student144,Ismail Sheikh,SU-ARB101,Arabic Language I,student
su-student144,Ismail Sheikh,SU-MATH101,University Mathematics I,student
su-student145,Halima Nuur,SU-ENG101,Academic English I,student
su-student146,Hussein Jama,SU-ARB101,Arabic Language I,student
su-student146,Hussein Jama,SU-MATH101,University Mathematics I,student
su-student146,Hussein Jama,SU-ECON101,Principles of Economics I,student
su-student147,Hamdi Samatar,SU-ARB101,Arabic Language I,student
su-student147,Hamdi Samatar,SU-ICT101,Introduction to Computing,student
su-student148,Hamdi Osman,SU-ICT101,Introduction to Computing,student
su-student148,Hamdi Osman,SU-MATH101,University Mathematics I,student
su-student149,Halima Sheikh,SU-MATH101,University Mathematics I,student
su-student149,Halima Sheikh,SU-ARB101,Arabic Language I,student
su-student150,Dahir Duale,SU-ENG101,Academic English I,student
su-student150,Dahir Duale,SU-MATH101,University Mathematics I,student
su-student150,Dahir Duale,SU-ICT101,Introduction to Computing,student
su-student151,Hamza Jama,SU-ARB101,Arabic Language I,student
su-student152,Abdi Osman,SU-ARB101,Arabic Language I,student
su-student152,Abdi Osman,SU-ENG101,Academic English I,student
su-student152,Abdi Osman,SU-MATH101,University Mathematics I,student
su-student153,Nimco Hassan,SU-ECON101,Principles of Economics I,student
su-student153,Nimco Hassan,SU-ENG101,Academic English I,student
su-student153,Nimco Hassan,SU-MATH101,University Mathematics I,student
su-student154,Mustaf Nuur,SU-ECON101,Principles of Economics I,student
su-student155,Ifrah Abdi,SU-ENG101,Academic English I,student
su-student155,Ifrah Abdi,SU-ECON101,Principles of Economics I,student
su-student155,Ifrah Abdi,SU-MATH101,University Mathematics I,student
su-student156,Jawahir Nuur,SU-MATH101,University Mathematics I,student
su-student156,Jawahir Nuur,SU-ICT101,Introduction to Computing,student
su-student156,Jawahir Nuur,SU-ENG101,Academic English I,student
su-student157,Mustaf Barre,SU-ARB101,Arabic Language I,student
su-student157,Mustaf Barre,SU-ECON101,Principles of Economics I,student
su-student157,Mustaf Barre,SU-MATH101,University Mathematics I,student
su-student158,Ayaan Egal,SU-ENG101,Academic English I,student
su-student158,Ayaan Egal,SU-ARB101,Arabic Language I,student
su-student158,Ayaan Egal,SU-ECON101,Principles of Economics I,student
su-student159,Deeqa Awale,SU-ECON101,Principles of Economics I,student
su-student160,Ubax Hussein,SU-ECON101,Principles of Economics I,student
su-student160,Ubax Hussein,SU-ARB101,Arabic Language I,student
su-student161,Mustaf Warsame,SU-MATH101,University Mathematics I,student
su-student162,Hodan Hassan,SU-ICT101,Introduction to Computing,student
su-student162,Hodan Hassan,SU-MATH101,University Mathematics I,student
su-student163,Hibo Warsame,SU-ARB101,Arabic Language I,student
su-student164,Guled Osman,SU-ICT101,Introduction to Computing,student
su-student165,Guled Hussein,SU-ENG101,Academic English I,student
su-student165,Guled Hussein,SU-ECON101,Principles of Economics I,student
su-student166,Khalid Mire,SU-ENG101,Academic English I,student
su-student166,Khalid Mire,SU-ICT101,Introduction to Computing,student
su-student167,Awil Jama,SU-ENG101,Academic English I,student
su-student167,Awil Jama,SU-MATH101,University Mathematics I,student
su-student168,Zakariye Hussein,SU-ICT101,Introduction to Computing,student
su-student169,Naima Samatar,SU-ENG101,Academic English I,student
su-student169,Naima Samatar,SU-MATH101,University Mathematics I,student
su-student170,Khalid Hersi,SU-MATH101,University Mathematics I,student
su-student171,Ayaan Hassan,SU-ARB101,Arabic Language I,student
su-student171,Ayaan Hassan,SU-ICT101,Introduction to Computing,student
su-student172,Layla Guleed,SU-ICT101,Introduction to Computing,student
su-student172,Layla Guleed,SU-ARB101,Arabic Language I,student
su-student172,Layla Guleed,SU-ENG101,Academic English I,student
su-student173,Rahma Barre,SU-ENG101,Academic English I,student
su-student173,Rahma Barre,SU-MATH101,University Mathematics I,student
su-student173,Rahma Barre,SU-ARB101,Arabic Language I,student
su-student174,Maryan Egal,SU-ENG101,Academic English I,student
su-student174,Maryan Egal,SU-MATH101,University Mathematics I,student
su-student175,Naima Hassan,SU-ICT101,Introduction to Computing,student
su-student176,Zakariye Elmi,SU-MATH101,University Mathematics I,student
su-student176,Zakariye Elmi,SU-ENG101,Academic English I,student
su-student177,Liban Warsame,SU-ICT101,Introduction to Computing,student
su-student178,Layla Nuur,SU-ARB101,Arabic Language I,student
su-student178,Layla Nuur,SU-ICT101,Introduction to Computing,student
su-student178,Layla Nuur,SU-MATH101,University Mathematics I,student
su-student179,Farah Mire,SU-ICT101,Introduction to Computing,student
su-student179,Farah Mire,SU-MATH101,University Mathematics I,student
su-student180,Rahma Guleed,SU-ARB101,Arabic Language I,student
su-student180,Rahma Guleed,SU-MATH101,University Mathematics I,student
su-student180,Rahma Guleed,SU-ECON101,Principles of Economics I,student
su-student181,Ubax Awale,SU-ARB101,Arabic Language I,student
su-student181,Ubax Awale,SU-ICT101,Introduction to Computing,student
su-student181,Ubax Awale,SU-MATH101,University Mathematics I,student
su-student182,Yusuf Barre,SU-MATH101,University Mathematics I,student
su-student182,Yusuf Barre,SU-ENG101,Academic English I,student
su-student183,Jawahir Farah,SU-MATH101,University Mathematics I,student
su-student184,Omar Hassan,SU-MATH101,University Mathematics I,student
su-student185,Dahir Isse,SU-ICT101,Introduction to Computing,student
su-student186,Jamal Barre,SU-ENG101,Academic English I,student
su-student186,Jamal Barre,SU-ICT101,Introduction to Computing,student
su-student186,Jamal Barre,SU-ECON101,Principles of Economics I,student
su-student187,Farah Mohamed,SU-ICT101,Introduction to Computing,student
su-student187,Farah Mohamed,SU-ARB101,Arabic Language I,student
su-student187,Farah Mohamed,SU-ENG101,Academic English I,student
su-student188,Dahir Warsame,SU-ARB101,Arabic Language I,student
su-student188,Dahir Warsame,SU-ENG101,Academic English I,student
su-student188,Dahir Warsame,SU-ECON101,Principles of Economics I,student
su-student189,Ayaan Sheikh,SU-ARB101,Arabic Language I,student
su-student189,Ayaan Sheikh,SU-ENG101,Academic English I,student
su-student190,Jamal Gedi,SU-ECON101,Principles of Economics I,student
su-student190,Jamal Gedi,SU-ARB101,Arabic Language I,student
su-student191,Hamdi Jama,SU-MATH101,University Mathematics I,student
su-student192,Sagal Warsame,SU-ARB101,Arabic Language I,student
su-student193,Iman Farah,SU-ECON101,Principles of Economics I,student
su-student193,Iman Farah,SU-ARB101,Arabic Language I,student
su-student194,Farhiya Abdi,SU-MATH101,University Mathematics I,student
su-student195,Amina Mohamed,SU-ARB101,Arabic Language I,student
su-student195,Amina Mohamed,SU-ICT101,Introduction to Computing,student
su-student196,Jamal Samatar,SU-ARB101,Arabic Language I,student
su-student197,Khalid Warsame,SU-ARB101,Arabic Language I,student
su-student197,Khalid Warsame,SU-ICT101,Introduction to Computing,student
su-student198,Abdullahi Ismail,SU-MATH101,University Mathematics I,student
su-student199,Fadumo Ali,SU-ECON101,Principles of Economics I,student
su-student200,Farah Aden,SU-ECON101,Principles of Economics I,student
su-student200,Farah Aden,SU-ARB101,Arabic Language I,student
su-student201,Mohamed Sheikh,SU-ECON101,Principles of Economics I,student
su-student201,Mohamed Sheikh,SU-MATH101,University Mathematics I,student
su-student201,Mohamed Sheikh,SU-ARB101,Arabic Language I,student
su-student202,Hussein Mohamed,SU-ARB101,Arabic Language I,student
su-student203,Naima Abdi,SU-ICT101,Introduction to Computing,student
su-student203,Naima Abdi,SU-ARB101,Arabic Language I,student
su-student203,Naima Abdi,SU-ECON101,Principles of Economics I,student
su-student204,Naima Hersi,SU-ENG101,Academic English I,student
su-student205,Jawahir Ali,SU-ENG101,Academic English I,student
su-student205,Jawahir Ali,SU-MATH101,University Mathematics I,student
su-student206,Ifrah Aden,SU-ENG101,Academic English I,student
su-student206,Ifrah Aden,SU-ECON101,Principles of Economics I,student
su-student207,Ubax Yusuf,SU-MATH101,University Mathematics I,student
su-student207,Ubax Yusuf,SU-ENG101,Academic English I,student
su-student208,Nur Mohamed,SU-MATH101,University Mathematics I,student
su-student209,Sagal Ismail,SU-MATH101,University Mathematics I,student
su-student210,Dahir Mohamed,SU-ENG101,Academic English I,student
su-student210,Dahir Mohamed,SU-MATH101,University Mathematics I,student
su-student210,Dahir Mohamed,SU-ICT101,Introduction to Computing,student
su-student211,Hodan Mohamed,SU-ICT101,Introduction to Computing,student
su-student211,Hodan Mohamed,SU-MATH101,University Mathematics I,student
su-student211,Hodan Mohamed,SU-ECON101,Principles of Economics I,student
su-student212,Ayaan Osman,SU-ECON101,Principles of Economics I,student
su-student213,Nimco Samatar,SU-ENG101,Academic English I,student
su-student213,Nimco Samatar,SU-MATH101,University Mathematics I,student
su-student214,Sagal Mire,SU-ENG101,Academic English I,student
su-student214,Sagal Mire,SU-MATH101,University Mathematics I,student
su-student214,Sagal Mire,SU-ICT101,Introduction to Computing,student
su-student215,Hassan Ali,SU-ECON101,Principles of Economics I,student
su-student215,Hassan Ali,SU-ARB101,Arabic Language I,student
su-student215,Hassan Ali,SU-ENG101,Academic English I,student
su-student216,Ifrah Ismail,SU-ARB101,Arabic Language I,student
su-student216,Ifrah Ismail,SU-ICT101,Introduction to Computing,student
su-student217,Khalid Abdi,SU-ENG101,Academic English I,student
su-student218,Sahra Ali,SU-ENG101,Academic English I,student
su-student219,Omar Farah,SU-MATH101,University Mathematics I,student
su-student219,Omar Farah,SU-ARB101,Arabic Language I,student
su-student219,Omar Farah,SU-ECON101,Principles of Economics I,student
su-student220,Zakariye Abdi,SU-ENG101,Academic English I,student
su-student221,Ahmed Mire,SU-ECON101,Principles of Economics I,student
su-student221,Ahmed Mire,SU-MATH101,University Mathematics I,student
su-student221,Ahmed Mire,SU-ICT101,Introduction to Computing,student
su-student222,Jamal Aden,SU-ECON101,Principles of Economics I,student
su-student222,Jamal Aden,SU-ICT101,Introduction to Computing,student
su-student222,Jamal Aden,SU-MATH101,University Mathematics I,student
su-student223,Farah Gedi,SU-ICT101,Introduction to Computing,student
su-student223,Farah Gedi,SU-MATH101,University Mathematics I,student
su-student224,Abdullahi Hassan,SU-ICT101,Introduction to Computing,student
su-student224,Abdullahi Hassan,SU-MATH101,University Mathematics I,student
su-student224,Abdullahi Hassan,SU-ARB101,Arabic Language I,student
su-student225,Zahra Isse,SU-MATH101,University Mathematics I,student
su-student226,Fadumo Barre,SU-ENG101,Academic English I,student
su-student226,Fadumo Barre,SU-ECON101,Principles of Economics I,student
su-student226,Fadumo Barre,SU-ARB101,Arabic Language I,student
su-student227,Zahra Samatar,SU-ENG101,Academic English I,student
su-student227,Zahra Samatar,SU-ICT101,Introduction to Computing,student
su-student227,Zahra Samatar,SU-ECON101,Principles of Economics I,student
su-student228,Warsame Ali,SU-ENG101,Academic English I,student
su-student229,Abdullahi Osman,SU-ARB101,Arabic Language I,student
su-student229,Abdullahi Osman,SU-MATH101,University Mathematics I,student
su-student229,Abdullahi Osman,SU-ENG101,Academic English I,student
su-student230,Khadija Gedi,SU-ENG101,Academic English I,student
su-student231,Mustaf Hassan,SU-MATH101,University Mathematics I,student
su-student231,Mustaf Hassan,SU-ENG101,Academic English I,student
su-student232,Bashir Osman,SU-ICT101,Introduction to Computing,student
su-student233,Sharmarke Mire,SU-ECON101,Principles of Economics I,student
su-student233,Sharmarke Mire,SU-ARB101,Arabic Language I,student
su-student233,Sharmarke Mire,SU-ENG101,Academic English I,student
su-student234,Warsame Egal,SU-ECON101,Principles of Economics I,student
su-student235,Zahra Hassan,SU-ENG101,Academic English I,student
su-student235,Zahra Hassan,SU-ARB101,Arabic Language I,student
su-student236,Hussein Farah,SU-ENG101,Academic English I,student
su-student236,Hussein Farah,SU-MATH101,University Mathematics I,student
su-student236,Hussein Farah,SU-ICT101,Introduction to Computing,student
su-student237,Farah Osman,SU-ENG101,Academic English I,student
su-student237,Farah Osman,SU-MATH101,University Mathematics I,student
su-student238,Fadumo Samatar,SU-ARB101,Arabic Language I,student
su-student239,Yusuf Nuur,SU-ARB101,Arabic Language I,student
su-student239,Yusuf Nuur,SU-ENG101,Academic English I,student
su-student240,Warsame Farah,SU-ECON101,Principles of Economics I,student
su-student241,Mohamed Osman,SU-ENG101,Academic English I,student
su-student241,Mohamed Osman,SU-ECON101,Principles of Economics I,student
su-student242,Kaafi Hersi,SU-ECON101,Principles of Economics I,student
su-student242,Kaafi Hersi,SU-ARB101,Arabic Language I,student
su-student242,Kaafi Hersi,SU-ICT101,Introduction to Computing,student
su-student243,Nimco Hussein,SU-ICT101,Introduction to Computing,student
su-student244,Iman Hersi,SU-ARB101,Arabic Language I,student
su-student244,Iman Hersi,SU-ECON101,Principles of Economics I,student
su-student245,Ifrah Elmi,SU-ENG101,Academic English I,student
su-student246,Hodan Warsame,SU-ARB101,Arabic Language I,student
su-student246,Hodan Warsame,SU-MATH101,University Mathematics I,student
su-student247,Ahmed Hussein,SU-ECON101,Principles of Economics I,student
su-student247,Ahmed Hussein,SU-ARB101,Arabic Language I,student
su-student248,Hibo Sheikh,SU-ICT101,Introduction to Computing,student
su-student248,Hibo Sheikh,SU-MATH101,University Mathematics I,student
su-student249,Sagal Guleed,SU-ENG101,Academic English I,student
su-student249,Sagal Guleed,SU-MATH101,University Mathematics I,student
su-student249,Sagal Guleed,SU-ARB101,Arabic Language I,student
su-student250,Nimco Isse,SU-ENG101,Academic English I,student
su-student250,Nimco Isse,SU-MATH101,University Mathematics I,student
su-student250,Nimco Isse,SU-ICT101,Introduction to Computing,student
su-student251,Omar Jama,SU-ARB101,Arabic Language I,student
su-student251,Omar Jama,SU-ICT101,Introduction to Computing,student
su-student252,Filsan Barre,SU-ENG101,Academic English I,student
su-student252,Filsan Barre,SU-ARB101,Arabic Language I,student
su-student253,Ismail Gedi,SU-ENG101,Academic English I,student
su-student253,Ismail Gedi,SU-ARB101,Arabic Language I,student
su-student254,Bashir Elmi,SU-MATH101,University Mathematics I,student
su-student255,Liban Elmi,SU-ARB101,Arabic Language I,student
su-student255,Liban Elmi,SU-ICT101,Introduction to Computing,student
su-student255,Liban Elmi,SU-ECON101,Principles of Economics I,student
su-student256,Farhiya Awale,SU-ICT101,Introduction to Computing,student
su-student257,Jawahir Samatar,SU-MATH101,University Mathematics I,student
su-student257,Jawahir Samatar,SU-ENG101,Academic English I,student
su-student257,Jawahir Samatar,SU-ICT101,Introduction to Computing,student
su-student258,Amina Osman,SU-ENG101,Academic English I,student
su-student258,Amina Osman,SU-ECON101,Principles of Economics I,student
su-student259,Yusuf Ali,SU-ENG101,Academic English I,student
su-student259,Yusuf Ali,SU-MATH101,University Mathematics I,student
su-student260,Amina Yusuf,SU-ARB101,Arabic Language I,student
su-student261,Zakariye Barre,SU-ECON101,Principles of Economics I,student
su-student261,Zakariye Barre,SU-ARB101,Arabic Language I,student
su-student261,Zakariye Barre,SU-ICT101,Introduction to Computing,student
su-student262,Nur Barre,SU-ECON101,Principles of Economics I,student
su-student263,Yasmin Hersi,SU-ICT101,Introduction to Computing,student
su-student264,Layla Hussein,SU-ENG101,Academic English I,student
su-student264,Layla Hussein,SU-MATH101,University Mathematics I,student
su-student264,Layla Hussein,SU-ICT101,Introduction to Computing,student
su-student265,Farhiya Ismail,SU-ENG101,Academic English I,student
su-student265,Farhiya Ismail,SU-MATH101,University Mathematics I,student
su-student265,Farhiya Ismail,SU-ECON101,Principles of Economics I,student
su-student266,Ayaan Farah,SU-ECON101,Principles of Economics I,student
su-student266,Ayaan Farah,SU-ARB101,Arabic Language I,student
su-student267,Abdullahi Guleed,SU-ARB101,Arabic Language I,student
su-student267,Abdullahi Guleed,SU-ENG101,Academic English I,student
su-student267,Abdullahi Guleed,SU-MATH101,University Mathematics I,student
su-student268,Bashir Barre,SU-ENG101,Academic English I,student
su-student268,Bashir Barre,SU-MATH101,University Mathematics I,student
su-student269,Nimco Mohamed,SU-ARB101,Arabic Language I,student
su-student269,Nimco Mohamed,SU-MATH101,University Mathematics I,student
su-student269,Nimco Mohamed,SU-ENG101,Academic English I,student
su-student270,Hodan Barre,SU-ENG101,Academic English I,student
su-student271,Sagal Ali,SU-ARB101,Arabic Language I,student
su-student271,Sagal Ali,SU-MATH101,University Mathematics I,student
su-student271,Sagal Ali,SU-ENG101,Academic English I,student
su-student272,Hamdi Awale,SU-ECON101,Principles of Economics I,student
su-student272,Hamdi Awale,SU-ARB101,Arabic Language I,student
su-student272,Hamdi Awale,SU-ICT101,Introduction to Computing,student
su-student273,Mustaf Hussein,SU-ENG101,Academic English I,student
su-student274,Kaafi Isse,SU-ENG101,Academic English I,student
su-student275,Omar Warsame,SU-ARB101,Arabic Language I,student
su-student275,Omar Warsame,SU-MATH101,University Mathematics I,student
su-student276,Sagal Gedi,SU-MATH101,University Mathematics I,student
su-student276,Sagal Gedi,SU-ARB101,Arabic Language I,student
su-student276,Sagal Gedi,SU-ECON101,Principles of Economics I,student
su-student277,Maryan Duale,SU-ENG101,Academic English I,student
su-student277,Maryan Duale,SU-MATH101,University Mathematics I,student
su-student278,Elmi Gedi,SU-ICT101,Introduction to Computing,student
su-student279,Halima Jama,SU-MATH101,University Mathematics I,student
su-student279,Halima Jama,SU-ARB101,Arabic Language I,student
su-student280,Farah Hersi,SU-ARB101,Arabic Language I,student
su-student280,Farah Hersi,SU-ENG101,Academic English I,student
su-student280,Farah Hersi,SU-MATH101,University Mathematics I,student
su-student281,Yasmin Guleed,SU-ENG101,Academic English I,student
su-student281,Yasmin Guleed,SU-MATH101,University Mathematics I,student
su-student282,Sahra Hassan,SU-ARB101,Arabic Language I,student
su-student283,Khalid Duale,SU-MATH101,University Mathematics I,student
su-student283,Khalid Duale,SU-ARB101,Arabic Language I,student
su-student284,Mustaf Abdi,SU-ENG101,Academic English I,student
su-student285,Yasmin Yusuf,SU-MATH101,University Mathematics I,student
su-student286,Zahra Nuur,SU-ICT101,Introduction to Computing,student
su-student286,Zahra Nuur,SU-MATH101,University Mathematics I,student
su-student286,Zahra Nuur,SU-ENG101,Academic English I,student
su-student287,Sahra Hersi,SU-MATH101,University Mathematics I,student
su-student287,Sahra Hersi,SU-ENG101,Academic English I,student
su-student287,Sahra Hersi,SU-ECON101,Principles of Economics I,student
su-student288,Awil Hussein,SU-ENG101,Academic English I,student
su-student289,Halima Farah,SU-ECON101,Principles of Economics I,student
su-student290,Layla Elmi,SU-MATH101,University Mathematics I,student
su-student290,Layla Elmi,SU-ICT101,Introduction to Computing,student
su-student291,Farah Hussein,SU-ECON101,Principles of Economics I,student
su-student291,Farah Hussein,SU-ARB101,Arabic Language I,student
su-student291,Farah Hussein,SU-ICT101,Introduction to Computing,student
su-student292,Ayaan Hersi,SU-ENG101,Academic English I,student
su-student292,Ayaan Hersi,SU-MATH101,University Mathematics I,student
su-student292,Ayaan Hersi,SU-ICT101,Introduction to Computing,student
su-student293,Farhiya Mohamed,SU-ARB101,Arabic Language I,student
su-student294,Bashir Ismail,SU-ICT101,Introduction to Computing,student
su-student295,Zahra Mire,SU-ARB101,Arabic Language I,student
su-student296,Farhiya Duale,SU-ECON101,Principles of Economics I,student
su-student297,Naima Gedi,SU-ECON101,Principles of Economics I,student
su-student297,Naima Gedi,SU-ICT101,Introduction to Computing,student
su-student297,Naima Gedi,SU-MATH101,University Mathematics I,student
su-student298,Ubax Abdi,SU-MATH101,University Mathematics I,student
su-student298,Ubax Abdi,SU-ECON101,Principles of Economics I,student
su-student299,Zahra Awale,SU-MATH101,University Mathematics I,student
su-student299,Zahra Awale,SU-ARB101,Arabic Language I,student
su-student299,Zahra Awale,SU-ICT101,Introduction to Computing,student
su-student300,Ismail Warsame,SU-ECON101,Principles of Economics I,student
su-student301,Khalid Yusuf,SU-ENG101,Academic English I,student
su-student301,Khalid Yusuf,SU-MATH101,University Mathematics I,student
su-student302,Iman Osman,SU-ENG101,Academic English I,student
su-student302,Iman Osman,SU-MATH101,University Mathematics I,student
su-student302,Iman Osman,SU-ICT101,Introduction to Computing,student
su-student303,Awil Elmi,SU-ARB101,Arabic Language I,student
su-student303,Awil Elmi,SU-ICT101,Introduction to Computing,student
su-student304,Hodan Ismail,SU-ENG101,Academic English I,student
su-student304,Hodan Ismail,SU-MATH101,University Mathematics I,student
su-student304,Hodan Ismail,SU-ICT101,Introduction to Computing,student
su-student305,Bashir Jama,SU-ECON101,Principles of Economics I,student
su-student305,Bashir Jama,SU-ARB101,Arabic Language I,student
su-student305,Bashir Jama,SU-ICT101,Introduction to Computing,student
su-student306,Rahma Osman,SU-ECON101,Principles of Economics I,student
su-student306,Rahma Osman,SU-ICT101,Introduction to Computing,student
su-student306,Rahma Osman,SU-ARB101,Arabic Language I,student
su-student307,Ayaan Isse,SU-ECON101,Principles of Economics I,student
su-student308,Halima Hersi,SU-ENG101,Academic English I,student
su-student308,Halima Hersi,SU-ARB101,Arabic Language I,student
su-student309,Liban Hassan,SU-ECON101,Principles of Economics I,student
su-student310,Fadumo Hersi,SU-MATH101,University Mathematics I,student
su-student311,Nimco Awale,SU-ECON101,Principles of Economics I,student
su-student311,Nimco Awale,SU-MATH101,University Mathematics I,student
su-student312,Hussein Barre,SU-ENG101,Academic English I,student
su-student313,Farhiya Sheikh,SU-ARB101,Arabic Language I,student
su-student313,Farhiya Sheikh,SU-MATH101,University Mathematics I,student
su-student313,Farhiya Sheikh,SU-ENG101,Academic English I,student
su-student314,Ayaan Duale,SU-ICT101,Introduction to Computing,student
su-student314,Ayaan Duale,SU-MATH101,University Mathematics I,student
su-student315,Sharmarke Barre,SU-ENG101,Academic English I,student
su-student315,Sharmarke Barre,SU-ARB101,Arabic Language I,student
su-student316,Mohamed Farah,SU-ENG101,Academic English I,student
su-student316,Mohamed Farah,SU-MATH101,University Mathematics I,student
su-student317,Ahmed Abdi,SU-ICT101,Introduction to Computing,student
su-student318,Amina Awale,SU-ENG101,Academic English I,student
su-student318,Amina Awale,SU-MATH101,University Mathematics I,student
su-student318,Amina Awale,SU-ICT101,Introduction to Computing,student
su-student319,Hodan Jama,SU-ICT101,Introduction to Computing,student
su-student320,Jawahir Hussein,SU-ECON101,Principles of Economics I,student
su-student321,Omar Yusuf,SU-ARB101,Arabic Language I,student
su-student321,Omar Yusuf,SU-ICT101,Introduction to Computing,student
su-student321,Omar Yusuf,SU-ECON101,Principles of Economics I,student
su-student322,Liban Awale,SU-ARB101,Arabic Language I,student
su-student322,Liban Awale,SU-ICT101,Introduction to Computing,student
su-student323,Yusuf Aden,SU-ENG101,Academic English I,student
su-student324,Iman Warsame,SU-ENG101,Academic English I,student
su-student324,Iman Warsame,SU-ARB101,Arabic Language I,student
su-student324,Iman Warsame,SU-MATH101,University Mathematics I,student
su-student325,Abdullahi Mire,SU-ARB101,Arabic Language I,student
su-student326,Khadija Awale,SU-ICT101,Introduction to Computing,student
su-student327,Awil Hassan,SU-ICT101,Introduction to Computing,student
su-student327,Awil Hassan,SU-ARB101,Arabic Language I,student
su-student327,Awil Hassan,SU-ECON101,Principles of Economics I,student
su-student328,Nur Sheikh,SU-ECON101,Principles of Economics I,student
su-student329,Zakariye Isse,SU-ARB101,Arabic Language I,student
su-student329,Zakariye Isse,SU-ICT101,Introduction to Computing,student
su-student330,Zakariye Nuur,SU-ECON101,Principles of Economics I,student
su-student330,Zakariye Nuur,SU-ARB101,Arabic Language I,student
su-student331,Amina Hassan,SU-MATH101,University Mathematics I,student
su-student331,Amina Hassan,SU-ICT101,Introduction to Computing,student
su-student331,Amina Hassan,SU-ARB101,Arabic Language I,student
su-student332,Farhiya Jama,SU-ECON101,Principles of Economics I,student
su-student333,Sagal Abdi,SU-MATH101,University Mathematics I,student
su-student333,Sagal Abdi,SU-ICT101,Introduction to Computing,student
su-student334,Abdi Egal,SU-ENG101,Academic English I,student
su-student335,Layla Barre,SU-ICT101,Introduction to Computing,student
su-student335,Layla Barre,SU-MATH101,University Mathematics I,student
su-student336,Yasmin Elmi,SU-ECON101,Principles of Economics I,student
su-student336,Yasmin Elmi,SU-ARB101,Arabic Language I,student
su-student337,Amina Samatar,SU-ICT101,Introduction to Computing,student
su-student338,Bashir Egal,SU-MATH101,University Mathematics I,student
su-student338,Bashir Egal,SU-ENG101,Academic English I,student
su-student339,Abdullahi Samatar,SU-ENG101,Academic English I,student
su-student339,Abdullahi Samatar,SU-ARB101,Arabic Language I,student
su-student339,Abdullahi Samatar,SU-ICT101,Introduction to Computing,student
su-student340,Zahra Mohamed,SU-ENG101,Academic English I,student
su-student341,Ifrah Mire,SU-ARB101,Arabic Language I,student
su-student341,Ifrah Mire,SU-MATH101,University Mathematics I,student
su-student342,Sharmarke Guleed,SU-ECON101,Principles of Economics I,student
su-student343,Warsame Sheikh,SU-MATH101,University Mathematics I,student
su-student344,Hamdi Mohamed,SU-ARB101,Arabic Language I,student
su-student344,Hamdi Mohamed,SU-MATH101,University Mathematics I,student
su-student345,Maryan Mire,SU-MATH101,University Mathematics I,student
su-student345,Maryan Mire,SU-ECON101,Principles of Economics I,student
su-student345,Maryan Mire,SU-ENG101,Academic English I,student
su-student346,Ahmed Mohamed,SU-ENG101,Academic English I,student
su-student347,Hassan Yusuf,SU-ECON101,Principles of Economics I,student
su-student347,Hassan Yusuf,SU-ARB101,Arabic Language I,student
su-student348,Nasra Hussein,SU-ARB101,Arabic Language I,student
su-student348,Nasra Hussein,SU-ECON101,Principles of Economics I,student
su-student348,Nasra Hussein,SU-ICT101,Introduction to Computing,student
su-student349,Hussein Elmi,SU-ENG101,Academic English I,student
su-student349,Hussein Elmi,SU-MATH101,University Mathematics I,student
su-student350,Nimco Aden,SU-ENG101,Academic English I,student
su-student351,Hibo Mohamed,SU-ICT101,Introduction to Computing,student
su-student352,Nimco Nuur,SU-ICT101,Introduction to Computing,student
su-student352,Nimco Nuur,SU-MATH101,University Mathematics I,student
su-student353,Guled Elmi,SU-ARB101,Arabic Language I,student
su-student353,Guled Elmi,SU-MATH101,University Mathematics I,student
su-student354,Farah Duale,SU-ICT101,Introduction to Computing,student
su-student354,Farah Duale,SU-MATH101,University Mathematics I,student
su-student354,Farah Duale,SU-ENG101,Academic English I,student
su-student355,Jawahir Duale,SU-ARB101,Arabic Language I,student
su-student355,Jawahir Duale,SU-ICT101,Introduction to Computing,student
su-student356,Iman Duale,SU-ENG101,Academic English I,student
su-student357,Guled Samatar,SU-ENG101,Academic English I,student
su-student357,Guled Samatar,SU-ARB101,Arabic Language I,student
su-student357,Guled Samatar,SU-MATH101,University Mathematics I,student
su-student358,Khadija Duale,SU-ICT101,Introduction to Computing,student
su-student358,Khadija Duale,SU-ARB101,Arabic Language I,student
su-student359,Layla Jama,SU-ECON101,Principles of Economics I,student
su-student360,Hibo Egal,SU-ARB101,Arabic Language I,student
su-student360,Hibo Egal,SU-ECON101,Principles of Economics I,student
su-student361,Hassan Nuur,SU-ARB101,Arabic Language I,student
su-student361,Hassan Nuur,SU-MATH101,University Mathematics I,student
su-student362,Mustaf Ismail,SU-ECON101,Principles of Economics I,student
su-student362,Mustaf Ismail,SU-ARB101,Arabic Language I,student
su-student362,Mustaf Ismail,SU-ICT101,Introduction to Computing,student
su-student363,Farhiya Hersi,SU-ECON101,Principles of Economics I,student
su-student364,Ifrah Duale,SU-ENG101,Academic English I,student
su-student364,Ifrah Duale,SU-ARB101,Arabic Language I,student
su-student364,Ifrah Duale,SU-ECON101,Principles of Economics I,student
su-student365,Sharmarke Egal,SU-ICT101,Introduction to Computing,student
su-student365,Sharmarke Egal,SU-MATH101,University Mathematics I,student
su-student366,Zakariye Ali,SU-MATH101,University Mathematics I,student
su-student366,Zakariye Ali,SU-ARB101,Arabic Language I,student
su-student366,Zakariye Ali,SU-ENG101,Academic English I,student
su-student367,Ifrah Hassan,SU-ECON101,Principles of Economics I,student
su-student367,Ifrah Hassan,SU-ARB101,Arabic Language I,student
su-student368,Yusuf Samatar,SU-ARB101,Arabic Language I,student
su-student369,Khalid Samatar,SU-ENG101,Academic English I,student
su-student369,Khalid Samatar,SU-MATH101,University Mathematics I,student
su-student370,Amina Hersi,SU-ARB101,Arabic Language I,student
su-student370,Amina Hersi,SU-ICT101,Introduction to Computing,student
su-student371,Sharmarke Ali,SU-ENG101,Academic English I,student
su-student372,Iman Isse,SU-ARB101,Arabic Language I,student
su-student372,Iman Isse,SU-MATH101,University Mathematics I,student
su-student372,Iman Isse,SU-ECON101,Principles of Economics I,student
su-student373,Sagal Sheikh,SU-ARB101,Arabic Language I,student
su-student374,Hamdi Duale,SU-ICT101,Introduction to Computing,student
su-student374,Hamdi Duale,SU-MATH101,University Mathematics I,student
su-student375,Nur Yusuf,SU-ARB101,Arabic Language I,student
su-student375,Nur Yusuf,SU-ICT101,Introduction to Computing,student
su-student375,Nur Yusuf,SU-MATH101,University Mathematics I,student
su-student376,Maryan Yusuf,SU-ICT101,Introduction to Computing,student
su-student377,Ifrah Gedi,SU-ENG101,Academic English I,student
su-student378,Sagal Isse,SU-MATH101,University Mathematics I,student
su-student379,Ubax Aden,SU-ARB101,Arabic Language I,student
su-student379,Ubax Aden,SU-ICT101,Introduction to Computing,student
su-student380,Abdi Jama,SU-ICT101,Introduction to Computing,student
su-student380,Abdi Jama,SU-ECON101,Principles of Economics I,student
su-student381,Zahra Egal,SU-ENG101,Academic English I,student
su-student381,Zahra Egal,SU-ICT101,Introduction to Computing,student
su-student382,Jawahir Yusuf,SU-ENG101,Academic English I,student
su-student382,Jawahir Yusuf,SU-ARB101,Arabic Language I,student
su-student382,Jawahir Yusuf,SU-ECON101,Principles of Economics I,student
su-student383,Liban Isse,SU-ICT101,Introduction to Computing,student
su-student383,Liban Isse,SU-ENG101,Academic English I,student
su-student384,Guled Jama,SU-ECON101,Principles of Economics I,student
su-student385,Kaafi Elmi,SU-ENG101,Academic English I,student
su-student386,Iman Hassan,SU-ARB101,Arabic Language I,student
su-student386,Iman Hassan,SU-ECON101,Principles of Economics I,student
su-student386,Iman Hassan,SU-MATH101,University Mathematics I,student
su-student387,Farhiya Farah,SU-ENG101,Academic English I,student
su-student387,Farhiya Farah,SU-ARB101,Arabic Language I,student
su-student387,Farhiya Farah,SU-ECON101,Principles of Economics I,student
su-student388,Khalid Hassan,SU-ENG101,Academic English I,student
su-student389,Hodan Sheikh,SU-ENG101,Academic English I,student
su-student390,Farah Yusuf,SU-ENG101,Academic English I,student
su-student390,Farah Yusuf,SU-MATH101,University Mathematics I,student
su-student391,Abdi Guleed,SU-MATH101,University Mathematics I,student
su-student392,Farah Sheikh,SU-ENG101,Academic English I,student
su-student392,Farah Sheikh,SU-MATH101,University Mathematics I,student
su-student393,Dahir Yusuf,SU-ICT101,Introduction to Computing,student
su-student393,Dahir Yusuf,SU-ECON101,Principles of Economics I,student
su-student393,Dahir Yusuf,SU-MATH101,University Mathematics I,student
su-student394,Omar Awale,SU-ECON101,Principles of Economics I,student
su-student395,Filsan Ismail,SU-ECON101,Principles of Economics I,student
su-student395,Filsan Ismail,SU-MATH101,University Mathematics I,student
su-student396,Khadija Ali,SU-ICT101,Introduction to Computing,student
su-student396,Khadija Ali,SU-ENG101,Academic English I,student
su-student396,Khadija Ali,SU-ECON101,Principles of Economics I,student
su-student397,Zakariye Gedi,SU-ARB101,Arabic Language I,student
su-student397,Zakariye Gedi,SU-ECON101,Principles of Economics I,student
su-student397,Zakariye Gedi,SU-ICT101,Introduction to Computing,student
su-student398,Ayaan Nuur,SU-ECON101,Principles of Economics I,student
su-student399,Filsan Farah,SU-ENG101,Academic English I,student
su-student399,Filsan Farah,SU-ECON101,Principles of Economics I,student
su-student400,Farhiya Isse,SU-MATH101,University Mathematics I,student
su-student400,Farhiya Isse,SU-ENG101,Academic English I,student
su-student401,Mustaf Duale,SU-MATH101,University Mathematics I,student
su-student401,Mustaf Duale,SU-ARB101,Arabic Language I,student
su-student402,Mustaf Mohamed,SU-ENG101,Academic English I,student
su-student403,Filsan Nuur,SU-ARB101,Arabic Language I,student
su-student403,Filsan Nuur,SU-ICT101,Introduction to Computing,student
su-student404,Deeqa Gedi,SU-ENG101,Academic English I,student
su-student405,Ismail Abdi,SU-ARB101,Arabic Language I,student
su-student405,Ismail Abdi,SU-ICT101,Introduction to Computing,student
su-student405,Ismail Abdi,SU-ENG101,Academic English I,student
su-student406,Nur Awale,SU-ICT101,Introduction to Computing,student
su-student407,Nasra Elmi,SU-ENG101,Academic English I,student
su-student408,Guled Warsame,SU-ARB101,Arabic Language I,student
su-student409,Hibo Jama,SU-ARB101,Arabic Language I,student
su-student410,Layla Sheikh,SU-ECON101,Principles of Economics I,student
su-student410,Layla Sheikh,SU-MATH101,University Mathematics I,student
su-student411,Amina Ismail,SU-ICT101,Introduction to Computing,student
su-student411,Amina Ismail,SU-ECON101,Principles of Economics I,student
su-student411,Amina Ismail,SU-MATH101,University Mathematics I,student
su-student412,Zakariye Jama,SU-MATH101,University Mathematics I,student
su-student412,Zakariye Jama,SU-ICT101,Introduction to Computing,student
su-student413,Amina Guleed,SU-ICT101,Introduction to Computing,student
su-student413,Amina Guleed,SU-MATH101,University Mathematics I,student
su-student414,Yusuf Hersi,SU-ENG101,Academic English I,student
su-student414,Yusuf Hersi,SU-MATH101,University Mathematics I,student
su-student415,Yusuf Abdi,SU-MATH101,University Mathematics I,student
su-student415,Yusuf Abdi,SU-ENG101,Academic English I,student
su-student416,Deeqa Sheikh,SU-ICT101,Introduction to Computing,student
su-student416,Deeqa Sheikh,SU-MATH101,University Mathematics I,student
su-student417,Abdullahi Yusuf,SU-MATH101,University Mathematics I,student
su-student417,Abdullahi Yusuf,SU-ARB101,Arabic Language I,student
su-student418,Elmi Yusuf,SU-ENG101,Academic English I,student
su-student418,Elmi Yusuf,SU-MATH101,University Mathematics I,student
su-student418,Elmi Yusuf,SU-ARB101,Arabic Language I,student
su-student419,Deeqa Isse,SU-ENG101,Academic English I,student
su-student420,Hodan Abdi,SU-MATH101,University Mathematics I,student
su-student421,Farhiya Aden,SU-MATH101,University Mathematics I,student
su-student422,Zahra Guleed,SU-ENG101,Academic English I,student
su-student422,Zahra Guleed,SU-MATH101,University Mathematics I,student
su-student422,Zahra Guleed,SU-ICT101,Introduction to Computing,student
su-student423,Sahra Farah,SU-ENG101,Academic English I,student
su-student424,Filsan Hussein,SU-ENG101,Academic English I,student
su-student424,Filsan Hussein,SU-ECON101,Principles of Economics I,student
su-student424,Filsan Hussein,SU-MATH101,University Mathematics I,student
su-student425,Mohamed Hassan,SU-MATH101,University Mathematics I,student
su-student425,Mohamed Hassan,SU-ICT101,Introduction to Computing,student
su-student425,Mohamed Hassan,SU-ECON101,Principles of Economics I,student
su-student426,Guled Ismail,SU-ECON101,Principles of Economics I,student
su-student426,Guled Ismail,SU-ARB101,Arabic Language I,student
su-student427,Ismail Nuur,SU-ECON101,Principles of Economics I,student
su-student428,Farah Barre,SU-ENG101,Academic English I,student
su-student428,Farah Barre,SU-MATH101,University Mathematics I,student
su-student428,Farah Barre,SU-ECON101,Principles of Economics I,student
su-student429,Ismail Mohamed,SU-ICT101,Introduction to Computing,student
su-student429,Ismail Mohamed,SU-MATH101,University Mathematics I,student
su-student430,Fadumo Hassan,SU-ARB101,Arabic Language I,student
su-student431,Ahmed Aden,SU-ICT101,Introduction to Computing,student
su-student431,Ahmed Aden,SU-ARB101,Arabic Language I,student
su-student432,Khalid Nuur,SU-ENG101,Academic English I,student
su-student432,Khalid Nuur,SU-ARB101,Arabic Language I,student
su-student432,Khalid Nuur,SU-MATH101,University Mathematics I,student
su-student433,Ifrah Warsame,SU-ENG101,Academic English I,student
su-student434,Elmi Ismail,SU-ENG101,Academic English I,student
su-student434,Elmi Ismail,SU-ICT101,Introduction to Computing,student
su-student434,Elmi Ismail,SU-ARB101,Arabic Language I,student
su-student435,Ayaan Gedi,SU-MATH101,University Mathematics I,student
su-student435,Ayaan Gedi,SU-ICT101,Introduction to Computing,student
su-student435,Ayaan Gedi,SU-ARB101,Arabic Language I,student
su-student436,Farhiya Barre,SU-ECON101,Principles of Economics I,student
su-student436,Farhiya Barre,SU-ARB101,Arabic Language I,student
su-student436,Farhiya Barre,SU-ICT101,Introduction to Computing,student
su-student437,Zakariye Duale,SU-ECON101,Principles of Economics I,student
su-student438,Ifrah Egal,SU-ECON101,Principles of Economics I,student
su-student438,Ifrah Egal,SU-ENG101,Academic English I,student
su-student439,Hussein Osman,SU-MATH101,University Mathematics I,student
su-student439,Hussein Osman,SU-ENG101,Academic English I,student
su-student440,Hamza Ismail,SU-ARB101,Arabic Language I,student
su-student441,Deeqa Osman,SU-ICT101,Introduction to Computing,student
su-student441,Deeqa Osman,SU-ARB101,Arabic Language I,student
su-student442,Sagal Farah,SU-ENG101,Academic English I,student
su-student442,Sagal Farah,SU-MATH101,University Mathematics I,student
su-student443,Khalid Farah,SU-ARB101,Arabic Language I,student
su-student444,Yusuf Jama,SU-ENG101,Academic English I,student
su-student444,Yusuf Jama,SU-ICT101,Introduction to Computing,student
su-student445,Mohamed Aden,SU-ECON101,Principles of Economics I,student
su-student445,Mohamed Aden,SU-ARB101,Arabic Language I,student
su-student445,Mohamed Aden,SU-ENG101,Academic English I,student
su-student446,Omar Aden,SU-ARB101,Arabic Language I,student
su-student446,Omar Aden,SU-ICT101,Introduction to Computing,student
su-student446,Omar Aden,SU-MATH101,University Mathematics I,student
su-student447,Sahra Hussein,SU-MATH101,University Mathematics I,student
su-student447,Sahra Hussein,SU-ENG101,Academic English I,student
su-student448,Abdi Ismail,SU-ARB101,Arabic Language I,student
su-student449,Nur Aden,SU-ARB101,Arabic Language I,student
su-student449,Nur Aden,SU-ICT101,Introduction to Computing,student
su-student450,Abdullahi Ali,SU-ARB101,Arabic Language I,student
su-student450,Abdullahi Ali,SU-MATH101,University Mathematics I,student
su-student451,Mohamed Hersi,SU-ENG101,Academic English I,student
su-student452,Hamza Awale,SU-ECON101,Principles of Economics I,student
su-student453,Rahma Samatar,SU-ICT101,Introduction to Computing,student
su-student453,Rahma Samatar,SU-ARB101,Arabic Language I,student
su-student453,Rahma Samatar,SU-MATH101,University Mathematics I,student
su-student454,Awil Gedi,SU-ECON101,Principles of Economics I,student
su-student454,Awil Gedi,SU-MATH101,University Mathematics I,student
su-student455,Mohamed Warsame,SU-ARB101,Arabic Language I,student
su-student455,Mohamed Warsame,SU-ICT101,Introduction to Computing,student
su-student455,Mohamed Warsame,SU-ECON101,Principles of Economics I,student
su-student456,Ayaan Samatar,SU-ENG101,Academic English I,student
su-student456,Ayaan Samatar,SU-MATH101,University Mathematics I,student
su-student456,Ayaan Samatar,SU-ICT101,Introduction to Computing,student
su-student457,Awil Aden,SU-ECON101,Principles of Economics I,student
su-student457,Awil Aden,SU-ARB101,Arabic Language I,student
su-student457,Awil Aden,SU-ICT101,Introduction to Computing,student
su-student458,Yasmin Isse,SU-ARB101,Arabic Language I,student
su-student458,Yasmin Isse,SU-MATH101,University Mathematics I,student
su-student459,Sahra Aden,SU-ENG101,Academic English I,student
su-student459,Sahra Aden,SU-ARB101,Arabic Language I,student
su-student460,Ismail Duale,SU-ARB101,Arabic Language I,student
su-student460,Ismail Duale,SU-ICT101,Introduction to Computing,student
su-student461,Ayaan Mohamed,SU-ENG101,Academic English I,student
su-student461,Ayaan Mohamed,SU-ECON101,Principles of Economics I,student
su-student462,Khalid Egal,SU-ARB101,Arabic Language I,student
su-student462,Khalid Egal,SU-ENG101,Academic English I,student
su-student463,Zakariye Samatar,SU-ECON101,Principles of Economics I,student
su-student463,Zakariye Samatar,SU-ARB101,Arabic Language I,student
su-student463,Zakariye Samatar,SU-ICT101,Introduction to Computing,student
su-student464,Hibo Abdi,SU-ENG101,Academic English I,student
su-student464,Hibo Abdi,SU-MATH101,University Mathematics I,student
su-student464,Hibo Abdi,SU-ICT101,Introduction to Computing,student
su-student465,Liban Aden,SU-ARB101,Arabic Language I,student
su-student465,Liban Aden,SU-MATH101,University Mathematics I,student
su-student466,Maryan Ismail,SU-MATH101,University Mathematics I,student
su-student467,Filsan Isse,SU-MATH101,University Mathematics I,student
su-student468,Elmi Ali,SU-MATH101,University Mathematics I,student
su-student468,Elmi Ali,SU-ECON101,Principles of Economics I,student
su-student468,Elmi Ali,SU-ARB101,Arabic Language I,student
su-student469,Jamal Awale,SU-ENG101,Academic English I,student
su-student469,Jamal Awale,SU-ARB101,Arabic Language I,student
su-student470,Mohamed Ali,SU-ICT101,Introduction to Computing,student
su-student470,Mohamed Ali,SU-MATH101,University Mathematics I,student
su-student471,Jawahir Osman,SU-ARB101,Arabic Language I,student
su-student472,Hamza Hersi,SU-ARB101,Arabic Language I,student
su-student473,Jawahir Isse,SU-ARB101,Arabic Language I,student
su-student474,Sharmarke Gedi,SU-ICT101,Introduction to Computing,student
su-student474,Sharmarke Gedi,SU-ECON101,Principles of Economics I,student
su-student475,Abdullahi Mohamed,SU-ECON101,Principles of Economics I,student
su-student476,Mohamed Duale,SU-ECON101,Principles of Economics I,student
su-student476,Mohamed Duale,SU-ARB101,Arabic Language I,student
su-student476,Mohamed Duale,SU-ICT101,Introduction to Computing,student
su-student477,Dahir Barre,SU-ENG101,Academic English I,student
su-student478,Kaafi Hassan,SU-ICT101,Introduction to Computing,student
su-student478,Kaafi Hassan,SU-ARB101,Arabic Language I,student
su-student478,Kaafi Hassan,SU-MATH101,University Mathematics I,student
su-student479,Ismail Mire,SU-ENG101,Academic English I,student
su-student480,Filsan Awale,SU-ICT101,Introduction to Computing,student
su-student481,Hamza Osman,SU-ARB101,Arabic Language I,student
su-student481,Hamza Osman,SU-ICT101,Introduction to Computing,student
su-student482,Hamdi Warsame,SU-ECON101,Principles of Economics I,student
su-student482,Hamdi Warsame,SU-ARB101,Arabic Language I,student
su-student482,Hamdi Warsame,SU-ICT101,Introduction to Computing,student
su-student483,Awil Barre,SU-ENG101,Academic English I,student
su-student483,Awil Barre,SU-ECON101,Principles of Economics I,student
su-student483,Awil Barre,SU-ARB101,Arabic Language I,student
su-student484,Hussein Aden,SU-ARB101,Arabic Language I,student
su-student484,Hussein Aden,SU-MATH101,University Mathematics I,student
su-student484,Hussein Aden,SU-ECON101,Principles of Economics I,student
su-student485,Hamdi Ismail,SU-ECON101,Principles of Economics I,student
su-student485,Hamdi Ismail,SU-MATH101,University Mathematics I,student
su-student486,Bashir Guleed,SU-ECON101,Principles of Economics I,student
su-student487,Naima Yusuf,SU-ARB101,Arabic Language I,student
su-student487,Naima Yusuf,SU-MATH101,University Mathematics I,student
su-student488,Ayaan Ali,SU-ICT101,Introduction to Computing,student
su-student489,Maryan Abdi,SU-ENG101,Academic English I,student
su-student490,Jamal Ali,SU-ENG101,Academic English I,student
su-student491,Jawahir Gedi,SU-ENG101,Academic English I,student
su-student492,Hassan Isse,SU-ENG101,Academic English I,student
su-student493,Omar Gedi,SU-ENG101,Academic English I,student
su-student493,Omar Gedi,SU-MATH101,University Mathematics I,student
su-student493,Omar Gedi,SU-ICT101,Introduction to Computing,student
su-student494,Jawahir Guleed,SU-ARB101,Arabic Language I,student
su-student495,Dahir Hussein,SU-MATH101,University Mathematics I,student
su-student495,Dahir Hussein,SU-ENG101,Academic English I,student
su-student496,Yasmin Hassan,SU-ECON101,Principles of Economics I,student
su-student496,Yasmin Hassan,SU-ARB101,Arabic Language I,student
su-student497,Ifrah Farah,SU-ICT101,Introduction to Computing,student
su-student497,Ifrah Farah,SU-ENG101,Academic English I,student
su-student497,Ifrah Farah,SU-ECON101,Principles of Economics I,student
su-student498,Sahra Nuur,SU-ENG101,Academic English I,student
su-student498,Sahra Nuur,SU-MATH101,University Mathematics I,student
su-student499,Kaafi Egal,SU-ICT101,Introduction to Computing,student
su-student500,Amina Jama,SU-ARB101,Arabic Language I,student
su-student500,Amina Jama,SU-ICT101,Introduction to Computing,student
su-student500,Amina Jama,SU-ECON101,Principles of Economics I,student
