username,firstname,lastname,email,password,city,country,timezone,cohort1,course1,role1,course2,role2,course3,role3
su-admin,Fartun,Warsame,admin@somaliuniversity.demo.test,SUDemo-Admin-2026!,Mogadishu,SO,Africa/Mogadishu,somali-university,,,,,,
su-teacher1,Hamdi,Mohamed,su-teacher1@somaliuniversity.demo.test,SUDemo-T1-2026!,Mogadishu,SO,Africa/Mogadishu,somali-university,su-eng101,editingteacher,,,,
su-teacher2,Bashir,Aden,su-teacher2@somaliuniversity.demo.test,SUDemo-T2-2026!,Mogadishu,SO,Africa/Mogadishu,somali-university,su-math101,editingteacher,,,,
su-teacher3,Jawahir,Gedi,su-teacher3@somaliuniversity.demo.test,SUDemo-T3-2026!,Mogadishu,SO,Africa/Mogadishu,somali-university,su-ict101,editingteacher,,,,
su-teacher4,Khalid,Sheikh,su-teacher4@somaliuniversity.demo.test,SUDemo-T4-2026!,Mogadishu,SO,Africa/Mogadishu,somali-university,su-arb101,editingteacher,,,,
su-teacher5,Ubax,Jama,su-teacher5@somaliuniversity.demo.test,SUDemo-T5-2026!,Mogadishu,SO,Africa/Mogadishu,somali-university,su-econ101,editingteacher,,,,
su-teacher6,Abdi,Duale,su-teacher6@somaliuniversity.demo.test,SUDemo-T6-2026!,Mogadishu,SO,Africa/Mogadishu,somali-university,su-eng101,editingteacher,,,,
su-teacher7,Yasmin,Hersi,su-teacher7@somaliuniversity.demo.test,SUDemo-T7-2026!,Mogadishu,SO,Africa/Mogadishu,somali-university,su-math101,editingteacher,,,,
su-teacher8,Nur,Hussein,su-teacher8@somaliuniversity.demo.test,SUDemo-T8-2026!,Mogadishu,SO,Africa/Mogadishu,somali-university,su-ict101,editingteacher,,,,
su-teacher9,Ifrah,Osman,su-teacher9@somaliuniversity.demo.test,SUDemo-T9-2026!,Mogadishu,SO,Africa/Mogadishu,somali-university,su-arb101,editingteacher,,,,
su-teacher10,Abdullahi,Egal,su-teacher10@somaliuniversity.demo.test,SUDemo-T10-2026!,Mogadishu,SO,Africa/Mogadishu,somali-university,su-econ101,editingteacher,,,,
su-teacher11,Ifrah,Nuur,su-teacher11@somaliuniversity.demo.test,SUDemo-T11-2026!,Mogadishu,SO,Africa/Mogadishu,somali-university,su-eng101,editingteacher,,,,
su-teacher12,Omar,Warsame,su-teacher12@somaliuniversity.demo.test,SUDemo-T12-2026!,Mogadishu,SO,Africa/Mogadishu,somali-university,su-math101,editingteacher,,,,
su-teacher13,Zahra,Elmi,su-teacher13@somaliuniversity.demo.test,SUDemo-T13-2026!,Mogadishu,SO,Africa/Mogadishu,somali-university,su-ict101,editingteacher,,,,
su-teacher14,Abdullahi,Isse,su-teacher14@somaliuniversity.demo.test,SUDemo-T14-2026!,Mogadishu,SO,Africa/Mogadishu,somali-university,su-arb101,editingteacher,,,,
su-teacher15,Deeqa,Hassan,su-teacher15@somaliuniversity.demo.test,SUDemo-T15-2026!,Mogadishu,SO,Africa/Mogadishu,somali-university,su-econ101,editingteacher,,,,
su-teacher16,Hamza,Yusuf,su-teacher16@somaliuniversity.demo.test,SUDemo-T16-2026!,Mogadishu,SO,Africa/Mogadishu,somali-university,su-eng101,editingteacher,,,,
su-teacher17,Filsan,Samatar,su-teacher17@somaliuniversity.demo.test,SUDemo-T17-2026!,Mogadishu,SO,Africa/Mogadishu,somali-university,su-math101,editingteacher,,,,
su-teacher18,Bashir,Mire,su-teacher18@somaliuniversity.demo.test,SUDemo-T18-2026!,Mogadishu,SO,Africa/Mogadishu,somali-university,su-ict101,editingteacher,,,,
su-teacher19,Jawahir,Farah,su-teacher19@somaliuniversity.demo.test,SUDemo-T19-2026!,Mogadishu,SO,Africa/Mogadishu,somali-university,su-arb101,editingteacher,,,,
su-teacher20,Hamza,Ismail,su-teacher20@somaliuniversity.demo.test,SUDemo-T20-2026!,Mogadishu,SO,Africa/Mogadishu,somali-university,su-econ101,editingteacher,,,,
su-teacher21,Ubax,Awale,su-teacher21@somaliuniversity.demo.test,SUDemo-T21-2026!,Mogadishu,SO,Africa/Mogadishu,somali-university,su-eng101,editingteacher,,,,
su-teacher22,Ismail,Ali,su-teacher22@somaliuniversity.demo.test,SUDemo-T22-2026!,Mogadishu,SO,Africa/Mogadishu,somali-university,su-math101,editingteacher,,,,
su-teacher23,Iman,Abdi,su-teacher23@somaliuniversity.demo.test,SUDemo-T23-2026!,Mogadishu,SO,Africa/Mogadishu,somali-university,su-ict101,editingteacher,,,,
su-teacher24,Awil,Barre,su-teacher24@somaliuniversity.demo.test,SUDemo-T24-2026!,Mogadishu,SO,Africa/Mogadishu,somali-university,su-arb101,editingteacher,,,,
su-teacher25,Jawahir,Guleed,su-teacher25@somaliuniversity.demo.test,SUDemo-T25-2026!,Mogadishu,SO,Africa/Mogadishu,somali-university,su-econ101,editingteacher,,,,
su-teacher26,Ahmed,Mohamed,su-teacher26@somaliuniversity.demo.test,SUDemo-T26-2026!,Mogadishu,SO,Africa/Mogadishu,somali-university,su-eng101,editingteacher,,,,
su-teacher27,Yasmin,Aden,su-teacher27@somaliuniversity.demo.test,SUDemo-T27-2026!,Mogadishu,SO,Africa/Mogadishu,somali-university,su-math101,editingteacher,,,,
su-teacher28,Mohamed,Gedi,su-teacher28@somaliuniversity.demo.test,SUDemo-T28-2026!,Mogadishu,SO,Africa/Mogadishu,somali-university,su-ict101,editingteacher,,,,
su-teacher29,Deeqa,Sheikh,su-teacher29@somaliuniversity.demo.test,SUDemo-T29-2026!,Mogadishu,SO,Africa/Mogadishu,somali-university,su-arb101,editingteacher,,,,
su-teacher30,Khalid,Jama,su-teacher30@somaliuniversity.demo.test,SUDemo-T30-2026!,Mogadishu,SO,Africa/Mogadishu,somali-university,su-econ101,editingteacher,,,,
su-student001,Liban,Abdi,su-student001@somaliuniversity.demo.test,SUDemo-S001-2026!,Mogadishu,SO,Africa/Mogadishu,somali-university,su-math101,student,su-econ101,student,su-ict101,student
su-student002,Yusuf,Farah,su-student002@somaliuniversity.demo.test,SUDemo-S002-2026!,Mogadishu,SO,Africa/Mogadishu,somali-university,su-eng101,student,su-math101,student,,
su-student003,Zahra,Ismail,su-student003@somaliuniversity.demo.test,SUDemo-S003-2026!,Mogadishu,SO,Africa/Mogadishu,somali-university,su-eng101,student,,,,
su-student004,Layla,Hassan,su-student004@somaliuniversity.demo.test,SUDemo-S004-2026!,Mogadishu,SO,Africa/Mogadishu,somali-university,su-ict101,student,su-math101,student,su-eng101,student
su-student005,Bashir,Duale,su-student005@somaliuniversity.demo.test,SUDemo-S005-2026!,Mogadishu,SO,Africa/Mogadishu,somali-university,su-arb101,student,su-econ101,student,su-ict101,student
su-student006,Hamdi,Egal,su-student006@somaliuniversity.demo.test,SUDemo-S006-2026!,Mogadishu,SO,Africa/Mogadishu,somali-university,su-econ101,student,,,,
su-student007,Farah,Farah,su-student007@somaliuniversity.demo.test,SUDemo-S007-2026!,Mogadishu,SO,Africa/Mogadishu,somali-university,su-ict101,student,su-arb101,student,su-eng101,student
su-student008,Hodan,Nuur,su-student008@somaliuniversity.demo.test,SUDemo-S008-2026!,Mogadishu,SO,Africa/Mogadishu,somali-university,su-eng101,student,su-math101,student,,
su-student009,Jamal,Guleed,su-student009@somaliuniversity.demo.test,SUDemo-S009-2026!,Mogadishu,SO,Africa/Mogadishu,somali-university,su-math101,student,su-arb101,student,su-eng101,student
su-student010,Yasmin,Samatar,su-student010@somaliuniversity.demo.test,SUDemo-S010-2026!,Mogadishu,SO,Africa/Mogadishu,somali-university,su-ict101,student,su-math101,student,,
su-student011,Rahma,Hersi,su-student011@somaliuniversity.demo.test,SUDemo-S011-2026!,Mogadishu,SO,Africa/Mogadishu,somali-university,su-arb101,student,su-eng101,student,su-math101,student
su-student012,Hibo,Hassan,su-student012@somaliuniversity.demo.test,SUDemo-S012-2026!,Mogadishu,SO,Africa/Mogadishu,somali-university,su-math101,student,su-arb101,student,,
su-student013,Jawahir,Elmi,su-student013@somaliuniversity.demo.test,SUDemo-S013-2026!,Mogadishu,SO,Africa/Mogadishu,somali-university,su-math101,student,su-econ101,student,su-ict101,student
su-student014,Hibo,Osman,su-student014@somaliuniversity.demo.test,SUDemo-S014-2026!,Mogadishu,SO,Africa/Mogadishu,somali-university,su-ict101,student,su-math101,student,su-arb101,student
su-student015,Abdullahi,Hussein,su-student015@somaliuniversity.demo.test,SUDemo-S015-2026!,Mogadishu,SO,Africa/Mogadishu,somali-university,su-ict101,student,,,,
su-student016,Hamdi,Ali,su-student016@somaliuniversity.demo.test,SUDemo-S016-2026!,Mogadishu,SO,Africa/Mogadishu,somali-university,su-arb101,student,su-eng101,student,su-math101,student
su-student017,Nur,Samatar,su-student017@somaliuniversity.demo.test,SUDemo-S017-2026!,Mogadishu,SO,Africa/Mogadishu,somali-university,su-ict101,student,,,,
su-student018,Rahma,Elmi,su-student018@somaliuniversity.demo.test,SUDemo-S018-2026!,Mogadishu,SO,Africa/Mogadishu,somali-university,su-eng101,student,su-ict101,student,su-math101,student
su-student019,Maryan,Hassan,su-student019@somaliuniversity.demo.test,SUDemo-S019-2026!,Mogadishu,SO,Africa/Mogadishu,somali-university,su-arb101,student,,,,
su-student020,Iman,Aden,su-student020@somaliuniversity.demo.test,SUDemo-S020-2026!,Mogadishu,SO,Africa/Mogadishu,somali-university,su-econ101,student,su-math101,student,su-ict101,student
su-student021,Khadija,Mohamed,su-student021@somaliuniversity.demo.test,SUDemo-S021-2026!,Mogadishu,SO,Africa/Mogadishu,somali-university,su-math101,student,su-arb101,student,,
su-student022,Yasmin,Ismail,su-student022@somaliuniversity.demo.test,SUDemo-S022-2026!,Mogadishu,SO,Africa/Mogadishu,somali-university,su-econ101,student,,,,
su-student023,Ifrah,Samatar,su-student023@somaliuniversity.demo.test,SUDemo-S023-2026!,Mogadishu,SO,Africa/Mogadishu,somali-university,su-arb101,student,,,,
su-student024,Hodan,Egal,su-student024@somaliuniversity.demo.test,SUDemo-S024-2026!,Mogadishu,SO,Africa/Mogadishu,somali-university,su-eng101,student,,,,
su-student025,Rahma,Egal,su-student025@somaliuniversity.demo.test,SUDemo-S025-2026!,Mogadishu,SO,Africa/Mogadishu,somali-university,su-eng101,student,su-math101,student,,
su-student026,Dahir,Samatar,su-student026@somaliuniversity.demo.test,SUDemo-S026-2026!,Mogadishu,SO,Africa/Mogadishu,somali-university,su-econ101,student,su-arb101,student,,
su-student027,Yasmin,Egal,su-student027@somaliuniversity.demo.test,SUDemo-S027-2026!,Mogadishu,SO,Africa/Mogadishu,somali-university,su-eng101,student,su-arb101,student,su-econ101,student
su-student028,Mustaf,Awale,su-student028@somaliuniversity.demo.test,SUDemo-S028-2026!,Mogadishu,SO,Africa/Mogadishu,somali-university,su-arb101,student,,,,
su-student029,Abdullahi,Farah,su-student029@somaliuniversity.demo.test,SUDemo-S029-2026!,Mogadishu,SO,Africa/Mogadishu,somali-university,su-ict101,student,su-arb101,student,su-econ101,student
su-student030,Sahra,Osman,su-student030@somaliuniversity.demo.test,SUDemo-S030-2026!,Mogadishu,SO,Africa/Mogadishu,somali-university,su-math101,student,su-arb101,student,su-eng101,student
su-student031,Khalid,Barre,su-student031@somaliuniversity.demo.test,SUDemo-S031-2026!,Mogadishu,SO,Africa/Mogadishu,somali-university,su-ict101,student,,,,
su-student032,Sharmarke,Sheikh,su-student032@somaliuniversity.demo.test,SUDemo-S032-2026!,Mogadishu,SO,Africa/Mogadishu,somali-university,su-math101,student,,,,
su-student033,Amina,Elmi,su-student033@somaliuniversity.demo.test,SUDemo-S033-2026!,Mogadishu,SO,Africa/Mogadishu,somali-university,su-eng101,student,,,,
su-student034,Ubax,Isse,su-student034@somaliuniversity.demo.test,SUDemo-S034-2026!,Mogadishu,SO,Africa/Mogadishu,somali-university,su-eng101,student,su-arb101,student,,
su-student035,Jamal,Jama,su-student035@somaliuniversity.demo.test,SUDemo-S035-2026!,Mogadishu,SO,Africa/Mogadishu,somali-university,su-ict101,student,su-eng101,student,,
su-student036,Liban,Farah,su-student036@somaliuniversity.demo.test,SUDemo-S036-2026!,Mogadishu,SO,Africa/Mogadishu,somali-university,su-eng101,student,,,,
su-student037,Yasmin,Farah,su-student037@somaliuniversity.demo.test,SUDemo-S037-2026!,Mogadishu,SO,Africa/Mogadishu,somali-university,su-arb101,student,,,,
su-student038,Omar,Sheikh,su-student038@somaliuniversity.demo.test,SUDemo-S038-2026!,Mogadishu,SO,Africa/Mogadishu,somali-university,su-econ101,student,,,,
su-student039,Farhiya,Nuur,su-student039@somaliuniversity.demo.test,SUDemo-S039-2026!,Mogadishu,SO,Africa/Mogadishu,somali-university,su-econ101,student,su-arb101,student,,
su-student040,Filsan,Jama,su-student040@somaliuniversity.demo.test,SUDemo-S040-2026!,Mogadishu,SO,Africa/Mogadishu,somali-university,su-arb101,student,su-math101,student,su-eng101,student
su-student041,Omar,Egal,su-student041@somaliuniversity.demo.test,SUDemo-S041-2026!,Mogadishu,SO,Africa/Mogadishu,somali-university,su-eng101,student,su-ict101,student,,
su-student042,Mohamed,Hussein,su-student042@somaliuniversity.demo.test,SUDemo-S042-2026!,Mogadishu,SO,Africa/Mogadishu,somali-university,su-eng101,student,su-math101,student,su-ict101,student
su-student043,Khadija,Barre,su-student043@somaliuniversity.demo.test,SUDemo-S043-2026!,Mogadishu,SO,Africa/Mogadishu,somali-university,su-arb101,student,su-ict101,student,,
su-student044,Elmi,Abdi,su-student044@somaliuniversity.demo.test,SUDemo-S044-2026!,Mogadishu,SO,Africa/Mogadishu,somali-university,su-eng101,student,su-math101,student,su-econ101,student
su-student045,Filsan,Samatar,su-student045@somaliuniversity.demo.test,SUDemo-S045-2026!,Mogadishu,SO,Africa/Mogadishu,somali-university,su-arb101,student,su-eng101,student,,
su-student046,Mohamed,Barre,su-student046@somaliuniversity.demo.test,SUDemo-S046-2026!,Mogadishu,SO,Africa/Mogadishu,somali-university,su-eng101,student,su-arb101,student,su-ict101,student
su-student047,Nimco,Abdi,su-student047@somaliuniversity.demo.test,SUDemo-S047-2026!,Mogadishu,SO,Africa/Mogadishu,somali-university,su-ict101,student,su-math101,student,su-eng101,student
su-student048,Jawahir,Mire,su-student048@somaliuniversity.demo.test,SUDemo-S048-2026!,Mogadishu,SO,Africa/Mogadishu,somali-university,su-econ101,student,su-eng101,student,su-math101,student
su-student049,Sagal,Mohamed,su-student049@somaliuniversity.demo.test,SUDemo-S049-2026!,Mogadishu,SO,Africa/Mogadishu,somali-university,su-econ101,student,su-arb101,student,su-ict101,student
su-student050,Sharmarke,Hassan,su-student050@somaliuniversity.demo.test,SUDemo-S050-2026!,Mogadishu,SO,Africa/Mogadishu,somali-university,su-ict101,student,,,,
su-student051,Amina,Warsame,su-student051@somaliuniversity.demo.test,SUDemo-S051-2026!,Mogadishu,SO,Africa/Mogadishu,somali-university,su-math101,student,su-arb101,student,,
su-student052,Sharmarke,Nuur,su-student052@somaliuniversity.demo.test,SUDemo-S052-2026!,Mogadishu,SO,Africa/Mogadishu,somali-university,su-arb101,student,su-econ101,student,su-eng101,student
su-student053,Nasra,Warsame,su-student053@somaliuniversity.demo.test,SUDemo-S053-2026!,Mogadishu,SO,Africa/Mogadishu,somali-university,su-arb101,student,su-ict101,student,su-math101,student
su-student054,Jawahir,Aden,su-student054@somaliuniversity.demo.test,SUDemo-S054-2026!,Mogadishu,SO,Africa/Mogadishu,somali-university,su-arb101,student,su-ict101,student,su-econ101,student
su-student055,Awil,Guleed,su-student055@somaliuniversity.demo.test,SUDemo-S055-2026!,Mogadishu,SO,Africa/Mogadishu,somali-university,su-eng101,student,,,,
su-student056,Zahra,Warsame,su-student056@somaliuniversity.demo.test,SUDemo-S056-2026!,Mogadishu,SO,Africa/Mogadishu,somali-university,su-ict101,student,su-arb101,student,su-math101,student
su-student057,Deeqa,Abdi,su-student057@somaliuniversity.demo.test,SUDemo-S057-2026!,Mogadishu,SO,Africa/Mogadishu,somali-university,su-econ101,student,,,,
su-student058,Yusuf,Mire,su-student058@somaliuniversity.demo.test,SUDemo-S058-2026!,Mogadishu,SO,Africa/Mogadishu,somali-university,su-arb101,student,su-math101,student,su-eng101,student
su-student059,Kaafi,Nuur,su-student059@somaliuniversity.demo.test,SUDemo-S059-2026!,Mogadishu,SO,Africa/Mogadishu,somali-university,su-math101,student,su-econ101,student,su-eng101,student
su-student060,Dahir,Osman,su-student060@somaliuniversity.demo.test,SUDemo-S060-2026!,Mogadishu,SO,Africa/Mogadishu,somali-university,su-math101,student,su-eng101,student,,
su-student061,Mohamed,Mire,su-student061@somaliuniversity.demo.test,SUDemo-S061-2026!,Mogadishu,SO,Africa/Mogadishu,somali-university,su-eng101,student,su-math101,student,,
su-student062,Hibo,Barre,su-student062@somaliuniversity.demo.test,SUDemo-S062-2026!,Mogadishu,SO,Africa/Mogadishu,somali-university,su-econ101,student,su-arb101,student,su-ict101,student
su-student063,Iman,Gedi,su-student063@somaliuniversity.demo.test,SUDemo-S063-2026!,Mogadishu,SO,Africa/Mogadishu,somali-university,su-math101,student,su-ict101,student,su-econ101,student
su-student064,Jawahir,Barre,su-student064@somaliuniversity.demo.test,SUDemo-S064-2026!,Mogadishu,SO,Africa/Mogadishu,somali-university,su-ict101,student,,,,
su-student065,Fadumo,Nuur,su-student065@somaliuniversity.demo.test,SUDemo-S065-2026!,Mogadishu,SO,Africa/Mogadishu,somali-university,su-ict101,student,su-econ101,student,su-arb101,student
su-student066,Amina,Egal,su-student066@somaliuniversity.demo.test,SUDemo-S066-2026!,Mogadishu,SO,Africa/Mogadishu,somali-university,su-econ101,student,,,,
su-student067,Hamza,Mohamed,su-student067@somaliuniversity.demo.test,SUDemo-S067-2026!,Mogadishu,SO,Africa/Mogadishu,somali-university,su-arb101,student,su-econ101,student,su-eng101,student
su-student068,Abdi,Abdi,su-student068@somaliuniversity.demo.test,SUDemo-S068-2026!,Mogadishu,SO,Africa/Mogadishu,somali-university,su-math101,student,su-arb101,student,,
su-student069,Amina,Barre,su-student069@somaliuniversity.demo.test,SUDemo-S069-2026!,Mogadishu,SO,Africa/Mogadishu,somali-university,su-ict101,student,su-math101,student,,
su-student070,Kaafi,Hussein,su-student070@somaliuniversity.demo.test,SUDemo-S070-2026!,Mogadishu,SO,Africa/Mogadishu,somali-university,su-eng101,student,su-econ101,student,,
su-student071,Warsame,Isse,su-student071@somaliuniversity.demo.test,SUDemo-S071-2026!,Mogadishu,SO,Africa/Mogadishu,somali-university,su-ict101,student,,,,
su-student072,Sahra,Warsame,su-student072@somaliuniversity.demo.test,SUDemo-S072-2026!,Mogadishu,SO,Africa/Mogadishu,somali-university,su-eng101,student,,,,
su-student073,Zakariye,Hersi,su-student073@somaliuniversity.demo.test,SUDemo-S073-2026!,Mogadishu,SO,Africa/Mogadishu,somali-university,su-econ101,student,,,,
su-student074,Ahmed,Guleed,su-student074@somaliuniversity.demo.test,SUDemo-S074-2026!,Mogadishu,SO,Africa/Mogadishu,somali-university,su-eng101,student,su-math101,student,su-ict101,student
su-student075,Ifrah,Barre,su-student075@somaliuniversity.demo.test,SUDemo-S075-2026!,Mogadishu,SO,Africa/Mogadishu,somali-university,su-math101,student,su-arb101,student,,
su-student076,Guled,Mohamed,su-student076@somaliuniversity.demo.test,SUDemo-S076-2026!,Mogadishu,SO,Africa/Mogadishu,somali-university,su-arb101,student,su-econ101,student,su-math101,student
su-student077,Elmi,Hersi,su-student077@somaliuniversity.demo.test,SUDemo-S077-2026!,Mogadishu,SO,Africa/Mogadishu,somali-university,su-eng101,student,,,,
su-student078,Hamdi,Hussein,su-student078@somaliuniversity.demo.test,SUDemo-S078-2026!,Mogadishu,SO,Africa/Mogadishu,somali-university,su-math101,student,su-eng101,student,su-arb101,student
su-student079,Deeqa,Ali,su-student079@somaliuniversity.demo.test,SUDemo-S079-2026!,Mogadishu,SO,Africa/Mogadishu,somali-university,su-arb101,student,,,,
su-student080,Omar,Hersi,su-student080@somaliuniversity.demo.test,SUDemo-S080-2026!,Mogadishu,SO,Africa/Mogadishu,somali-university,su-econ101,student,su-arb101,student,,
su-student081,Warsame,Samatar,su-student081@somaliuniversity.demo.test,SUDemo-S081-2026!,Mogadishu,SO,Africa/Mogadishu,somali-university,su-ict101,student,,,,
su-student082,Abdullahi,Awale,su-student082@somaliuniversity.demo.test,SUDemo-S082-2026!,Mogadishu,SO,Africa/Mogadishu,somali-university,su-econ101,student,,,,
su-student083,Ismail,Ismail,su-student083@somaliuniversity.demo.test,SUDemo-S083-2026!,Mogadishu,SO,Africa/Mogadishu,somali-university,su-math101,student,su-eng101,student,su-econ101,student
su-student084,Hibo,Awale,su-student084@somaliuniversity.demo.test,SUDemo-S084-2026!,Mogadishu,SO,Africa/Mogadishu,somali-university,su-math101,student,,,,
su-student085,Ifrah,Nuur,su-student085@somaliuniversity.demo.test,SUDemo-S085-2026!,Mogadishu,SO,Africa/Mogadishu,somali-university,su-econ101,student,,,,
su-student086,Omar,Osman,su-student086@somaliuniversity.demo.test,SUDemo-S086-2026!,Mogadishu,SO,Africa/Mogadishu,somali-university,su-econ101,student,,,,
su-student087,Nasra,Samatar,su-student087@somaliuniversity.demo.test,SUDemo-S087-2026!,Mogadishu,SO,Africa/Mogadishu,somali-university,su-eng101,student,,,,
su-student088,Hamdi,Abdi,su-student088@somaliuniversity.demo.test,SUDemo-S088-2026!,Mogadishu,SO,Africa/Mogadishu,somali-university,su-math101,student,,,,
su-student089,Deeqa,Ismail,su-student089@somaliuniversity.demo.test,SUDemo-S089-2026!,Mogadishu,SO,Africa/Mogadishu,somali-university,su-econ101,student,su-arb101,student,su-ict101,student
su-student090,Halima,Guleed,su-student090@somaliuniversity.demo.test,SUDemo-S090-2026!,Mogadishu,SO,Africa/Mogadishu,somali-university,su-eng101,student,su-ict101,student,,
su-student091,Awil,Farah,su-student091@somaliuniversity.demo.test,SUDemo-S091-2026!,Mogadishu,SO,Africa/Mogadishu,somali-university,su-econ101,student,su-eng101,student,,
su-student092,Liban,Ali,su-student092@somaliuniversity.demo.test,SUDemo-S092-2026!,Mogadishu,SO,Africa/Mogadishu,somali-university,su-ict101,student,,,,
su-student093,Awil,Ali,su-student093@somaliuniversity.demo.test,SUDemo-S093-2026!,Mogadishu,SO,Africa/Mogadishu,somali-university,su-eng101,student,su-econ101,student,,
su-student094,Warsame,Guleed,su-student094@somaliuniversity.demo.test,SUDemo-S094-2026!,Mogadishu,SO,Africa/Mogadishu,somali-university,su-ict101,student,su-math101,student,,
su-student095,Sahra,Guleed,su-student095@somaliuniversity.demo.test,SUDemo-S095-2026!,Mogadishu,SO,Africa/Mogadishu,somali-university,su-eng101,student,,,,
su-student096,Ahmed,Samatar,su-student096@somaliuniversity.demo.test,SUDemo-S096-2026!,Mogadishu,SO,Africa/Mogadishu,somali-university,su-eng101,student,su-math101,student,,
su-student097,Iman,Awale,su-student097@somaliuniversity.demo.test,SUDemo-S097-2026!,Mogadishu,SO,Africa/Mogadishu,somali-university,su-ict101,student,su-arb101,student,,
su-student098,Halima,Hassan,su-student098@somaliuniversity.demo.test,SUDemo-S098-2026!,Mogadishu,SO,Africa/Mogadishu,somali-university,su-ict101,student,su-math101,student,,
su-student099,Nur,Ismail,su-student099@somaliuniversity.demo.test,SUDemo-S099-2026!,Mogadishu,SO,Africa/Mogadishu,somali-university,su-econ101,student,su-ict101,student,su-arb101,student
su-student100,Zahra,Elmi,su-student100@somaliuniversity.demo.test,SUDemo-S100-2026!,Mogadishu,SO,Africa/Mogadishu,somali-university,su-econ101,student,,,,
su-student101,Abdi,Gedi,su-student101@somaliuniversity.demo.test,SUDemo-S101-2026!,Mogadishu,SO,Africa/Mogadishu,somali-university,su-econ101,student,,,,
su-student102,Kaafi,Osman,su-student102@somaliuniversity.demo.test,SUDemo-S102-2026!,Mogadishu,SO,Africa/Mogadishu,somali-university,su-ict101,student,su-econ101,student,,
su-student103,Hamza,Guleed,su-student103@somaliuniversity.demo.test,SUDemo-S103-2026!,Mogadishu,SO,Africa/Mogadishu,somali-university,su-eng101,student,,,,
su-student104,Liban,Jama,su-student104@somaliuniversity.demo.test,SUDemo-S104-2026!,Mogadishu,SO,Africa/Mogadishu,somali-university,su-ict101,student,,,,
su-student105,Zahra,Gedi,su-student105@somaliuniversity.demo.test,SUDemo-S105-2026!,Mogadishu,SO,Africa/Mogadishu,somali-university,su-arb101,student,,,,
su-student106,Sagal,Barre,su-student106@somaliuniversity.demo.test,SUDemo-S106-2026!,Mogadishu,SO,Africa/Mogadishu,somali-university,su-arb101,student,,,,
su-student107,Rahma,Hussein,su-student107@somaliuniversity.demo.test,SUDemo-S107-2026!,Mogadishu,SO,Africa/Mogadishu,somali-university,su-econ101,student,su-arb101,student,,
su-student108,Warsame,Aden,su-student108@somaliuniversity.demo.test,SUDemo-S108-2026!,Mogadishu,SO,Africa/Mogadishu,somali-university,su-eng101,student,su-math101,student,su-ict101,student
su-student109,Jamal,Hassan,su-student109@somaliuniversity.demo.test,SUDemo-S109-2026!,Mogadishu,SO,Africa/Mogadishu,somali-university,su-eng101,student,,,,
su-student110,Hodan,Duale,su-student110@somaliuniversity.demo.test,SUDemo-S110-2026!,Mogadishu,SO,Africa/Mogadishu,somali-university,su-eng101,student,,,,
su-student111,Naima,Barre,su-student111@somaliuniversity.demo.test,SUDemo-S111-2026!,Mogadishu,SO,Africa/Mogadishu,somali-university,su-math101,student,su-eng101,student,su-ict101,student
su-student112,Naima,Jama,su-student112@somaliuniversity.demo.test,SUDemo-S112-2026!,Mogadishu,SO,Africa/Mogadishu,somali-university,su-arb101,student,,,,
su-student113,Khadija,Farah,su-student113@somaliuniversity.demo.test,SUDemo-S113-2026!,Mogadishu,SO,Africa/Mogadishu,somali-university,su-arb101,student,su-math101,student,,
su-student114,Iman,Nuur,su-student114@somaliuniversity.demo.test,SUDemo-S114-2026!,Mogadishu,SO,Africa/Mogadishu,somali-university,su-ict101,student,su-math101,student,,
su-student115,Guled,Isse,su-student115@somaliuniversity.demo.test,SUDemo-S115-2026!,Mogadishu,SO,Africa/Mogadishu,somali-university,su-eng101,student,,,,
su-student116,Omar,Ali,su-student116@somaliuniversity.demo.test,SUDemo-S116-2026!,Mogadishu,SO,Africa/Mogadishu,somali-university,su-arb101,student,su-eng101,student,su-econ101,student
su-student117,Hussein,Hussein,su-student117@somaliuniversity.demo.test,SUDemo-S117-2026!,Mogadishu,SO,Africa/Mogadishu,somali-university,su-arb101,student,su-eng101,student,,
su-student118,Hamdi,Sheikh,su-student118@somaliuniversity.demo.test,SUDemo-S118-2026!,Mogadishu,SO,Africa/Mogadishu,somali-university,su-eng101,student,,,,
su-student119,Nasra,Isse,su-student119@somaliuniversity.demo.test,SUDemo-S119-2026!,Mogadishu,SO,Africa/Mogadishu,somali-university,su-econ101,student,,,,
su-student120,Khadija,Hassan,su-student120@somaliuniversity.demo.test,SUDemo-S120-2026!,Mogadishu,SO,Africa/Mogadishu,somali-university,su-eng101,student,su-math101,student,,
su-student121,Omar,Mohamed,su-student121@somaliuniversity.demo.test,SUDemo-S121-2026!,Mogadishu,SO,Africa/Mogadishu,somali-university,su-arb101,student,,,,
su-student122,Rahma,Abdi,su-student122@somaliuniversity.demo.test,SUDemo-S122-2026!,Mogadishu,SO,Africa/Mogadishu,somali-university,su-ict101,student,,,,
su-student123,Layla,Farah,su-student123@somaliuniversity.demo.test,SUDemo-S123-2026!,Mogadishu,SO,Africa/Mogadishu,somali-university,su-arb101,student,su-eng101,student,su-math101,student
su-student124,Hussein,Awale,su-student124@somaliuniversity.demo.test,SUDemo-S124-2026!,Mogadishu,SO,Africa/Mogadishu,somali-university,su-eng101,student,su-ict101,student,,
su-student125,Yusuf,Mohamed,su-student125@somaliuniversity.demo.test,SUDemo-S125-2026!,Mogadishu,SO,Africa/Mogadishu,somali-university,su-econ101,student,su-arb101,student,,
su-student126,Nur,Hersi,su-student126@somaliuniversity.demo.test,SUDemo-S126-2026!,Mogadishu,SO,Africa/Mogadishu,somali-university,su-arb101,student,su-eng101,student,su-econ101,student
su-student127,Nur,Duale,su-student127@somaliuniversity.demo.test,SUDemo-S127-2026!,Mogadishu,SO,Africa/Mogadishu,somali-university,su-arb101,student,,,,
su-student128,Jawahir,Hassan,su-student128@somaliuniversity.demo.test,SUDemo-S128-2026!,Mogadishu,SO,Africa/Mogadishu,somali-university,su-math101,student,su-eng101,student,su-arb101,student
su-student129,Jamal,Isse,su-student129@somaliuniversity.demo.test,SUDemo-S129-2026!,Mogadishu,SO,Africa/Mogadishu,somali-university,su-ict101,student,su-eng101,student,su-math101,student
su-student130,Hassan,Abdi,su-student130@somaliuniversity.demo.test,SUDemo-S130-2026!,Mogadishu,SO,Africa/Mogadishu,somali-university,su-econ101,student,su-arb101,student,,
su-student131,Hassan,Barre,su-student131@somaliuniversity.demo.test,SUDemo-S131-2026!,Mogadishu,SO,Africa/Mogadishu,somali-university,su-econ101,student,su-eng101,student,su-arb101,student
su-student132,Rahma,Mire,su-student132@somaliuniversity.demo.test,SUDemo-S132-2026!,Mogadishu,SO,Africa/Mogadishu,somali-university,su-eng101,student,su-econ101,student,,
su-student133,Zahra,Ali,su-student133@somaliuniversity.demo.test,SUDemo-S133-2026!,Mogadishu,SO,Africa/Mogadishu,somali-university,su-arb101,student,su-math101,student,,
su-student134,Mustaf,Aden,su-student134@somaliuniversity.demo.test,SUDemo-S134-2026!,Mogadishu,SO,Africa/Mogadishu,somali-university,su-math101,student,su-eng101,student,,
su-student135,Amina,Nuur,su-student135@somaliuniversity.demo.test,SUDemo-S135-2026!,Mogadishu,SO,Africa/Mogadishu,somali-university,su-econ101,student,su-eng101,student,,
su-student136,Awil,Egal,su-student136@somaliuniversity.demo.test,SUDemo-S136-2026!,Mogadishu,SO,Africa/Mogadishu,somali-university,su-ict101,student,su-math101,student,su-arb101,student
su-student137,Jamal,Mohamed,su-student137@somaliuniversity.demo.test,SUDemo-S137-2026!,Mogadishu,SO,Africa/Mogadishu,somali-university,su-arb101,student,su-eng101,student,su-ict101,student
su-student138,Liban,Hersi,su-student138@somaliuniversity.demo.test,SUDemo-S138-2026!,Mogadishu,SO,Africa/Mogadishu,somali-university,su-eng101,student,su-math101,student,su-ict101,student
su-student139,Filsan,Elmi,su-student139@somaliuniversity.demo.test,SUDemo-S139-2026!,Mogadishu,SO,Africa/Mogadishu,somali-university,su-ict101,student,su-arb101,student,,
su-student140,Sharmarke,Elmi,su-student140@somaliuniversity.demo.test,SUDemo-S140-2026!,Mogadishu,SO,Africa/Mogadishu,somali-university,su-eng101,student,su-arb101,student,su-econ101,student
su-student141,Dahir,Abdi,su-student141@somaliuniversity.demo.test,SUDemo-S141-2026!,Mogadishu,SO,Africa/Mogadishu,somali-university,su-eng101,student,su-math101,student,,
su-student142,Warsame,Barre,su-student142@somaliuniversity.demo.test,SUDemo-S142-2026!,Mogadishu,SO,Africa/Mogadishu,somali-university,su-ict101,student,,,,
su-student143,Rahma,Nuur,su-student143@somaliuniversity.demo.test,SUDemo-S143-2026!,Mogadishu,SO,Africa/Mogadishu,somali-university,su-eng101,student,,,,
su-student144,Ismail,Sheikh,su-student144@somaliuniversity.demo.test,SUDemo-S144-2026!,Mogadishu,SO,Africa/Mogadishu,somali-university,su-eng101,student,su-arb101,student,su-math101,student
su-student145,Halima,Nuur,su-student145@somaliuniversity.demo.test,SUDemo-S145-2026!,Mogadishu,SO,Africa/Mogadishu,somali-university,su-eng101,student,,,,
su-student146,Hussein,Jama,su-student146@somaliuniversity.demo.test,SUDemo-S146-2026!,Mogadishu,SO,Africa/Mogadishu,somali-university,su-arb101,student,su-math101,student,su-econ101,student
su-student147,Hamdi,Samatar,su-student147@somaliuniversity.demo.test,SUDemo-S147-2026!,Mogadishu,SO,Africa/Mogadishu,somali-university,su-arb101,student,su-ict101,student,,
su-student148,Hamdi,Osman,su-student148@somaliuniversity.demo.test,SUDemo-S148-2026!,Mogadishu,SO,Africa/Mogadishu,somali-university,su-ict101,student,su-math101,student,,
su-student149,Halima,Sheikh,su-student149@somaliuniversity.demo.test,SUDemo-S149-2026!,Mogadishu,SO,Africa/Mogadishu,somali-university,su-math101,student,su-arb101,student,,
su-student150,Dahir,Duale,su-student150@somaliuniversity.demo.test,SUDemo-S150-2026!,Mogadishu,SO,Africa/Mogadishu,somali-university,su-eng101,student,su-math101,student,su-ict101,student
su-student151,Hamza,Jama,su-student151@somaliuniversity.demo.test,SUDemo-S151-2026!,Mogadishu,SO,Africa/Mogadishu,somali-university,su-arb101,student,,,,
su-student152,Abdi,Osman,su-student152@somaliuniversity.demo.test,SUDemo-S152-2026!,Mogadishu,SO,Africa/Mogadishu,somali-university,su-arb101,student,su-eng101,student,su-math101,student
su-student153,Nimco,Hassan,su-student153@somaliuniversity.demo.test,SUDemo-S153-2026!,Mogadishu,SO,Africa/Mogadishu,somali-university,su-econ101,student,su-eng101,student,su-math101,student
su-student154,Mustaf,Nuur,su-student154@somaliuniversity.demo.test,SUDemo-S154-2026!,Mogadishu,SO,Africa/Mogadishu,somali-university,su-econ101,student,,,,
su-student155,Ifrah,Abdi,su-student155@somaliuniversity.demo.test,SUDemo-S155-2026!,Mogadishu,SO,Africa/Mogadishu,somali-university,su-eng101,student,su-econ101,student,su-math101,student
su-student156,Jawahir,Nuur,su-student156@somaliuniversity.demo.test,SUDemo-S156-2026!,Mogadishu,SO,Africa/Mogadishu,somali-university,su-math101,student,su-ict101,student,su-eng101,student
su-student157,Mustaf,Barre,su-student157@somaliuniversity.demo.test,SUDemo-S157-2026!,Mogadishu,SO,Africa/Mogadishu,somali-university,su-arb101,student,su-econ101,student,su-math101,student
su-student158,Ayaan,Egal,su-student158@somaliuniversity.demo.test,SUDemo-S158-2026!,Mogadishu,SO,Africa/Mogadishu,somali-university,su-eng101,student,su-arb101,student,su-econ101,student
su-student159,Deeqa,Awale,su-student159@somaliuniversity.demo.test,SUDemo-S159-2026!,Mogadishu,SO,Africa/Mogadishu,somali-university,su-econ101,student,,,,
su-student160,Ubax,Hussein,su-student160@somaliuniversity.demo.test,SUDemo-S160-2026!,Mogadishu,SO,Africa/Mogadishu,somali-university,su-econ101,student,su-arb101,student,,
su-student161,Mustaf,Warsame,su-student161@somaliuniversity.demo.test,SUDemo-S161-2026!,Mogadishu,SO,Africa/Mogadishu,somali-university,su-math101,student,,,,
su-student162,Hodan,Hassan,su-student162@somaliuniversity.demo.test,SUDemo-S162-2026!,Mogadishu,SO,Africa/Mogadishu,somali-university,su-ict101,student,su-math101,student,,
su-student163,Hibo,Warsame,su-student163@somaliuniversity.demo.test,SUDemo-S163-2026!,Mogadishu,SO,Africa/Mogadishu,somali-university,su-arb101,student,,,,
su-student164,Guled,Osman,su-student164@somaliuniversity.demo.test,SUDemo-S164-2026!,Mogadishu,SO,Africa/Mogadishu,somali-university,su-ict101,student,,,,
su-student165,Guled,Hussein,su-student165@somaliuniversity.demo.test,SUDemo-S165-2026!,Mogadishu,SO,Africa/Mogadishu,somali-university,su-eng101,student,su-econ101,student,,
su-student166,Khalid,Mire,su-student166@somaliuniversity.demo.test,SUDemo-S166-2026!,Mogadishu,SO,Africa/Mogadishu,somali-university,su-eng101,student,su-ict101,student,,
su-student167,Awil,Jama,su-student167@somaliuniversity.demo.test,SUDemo-S167-2026!,Mogadishu,SO,Africa/Mogadishu,somali-university,su-eng101,student,su-math101,student,,
su-student168,Zakariye,Hussein,su-student168@somaliuniversity.demo.test,SUDemo-S168-2026!,Mogadishu,SO,Africa/Mogadishu,somali-university,su-ict101,student,,,,
su-student169,Naima,Samatar,su-student169@somaliuniversity.demo.test,SUDemo-S169-2026!,Mogadishu,SO,Africa/Mogadishu,somali-university,su-eng101,student,su-math101,student,,
su-student170,Khalid,Hersi,su-student170@somaliuniversity.demo.test,SUDemo-S170-2026!,Mogadishu,SO,Africa/Mogadishu,somali-university,su-math101,student,,,,
su-student171,Ayaan,Hassan,su-student171@somaliuniversity.demo.test,SUDemo-S171-2026!,Mogadishu,SO,Africa/Mogadishu,somali-university,su-arb101,student,su-ict101,student,,
su-student172,Layla,Guleed,su-student172@somaliuniversity.demo.test,SUDemo-S172-2026!,Mogadishu,SO,Africa/Mogadishu,somali-university,su-ict101,student,su-arb101,student,su-eng101,student
su-student173,Rahma,Barre,su-student173@somaliuniversity.demo.test,SUDemo-S173-2026!,Mogadishu,SO,Africa/Mogadishu,somali-university,su-eng101,student,su-math101,student,su-arb101,student
su-student174,Maryan,Egal,su-student174@somaliuniversity.demo.test,SUDemo-S174-2026!,Mogadishu,SO,Africa/Mogadishu,somali-university,su-eng101,student,su-math101,student,,
su-student175,Naima,Hassan,su-student175@somaliuniversity.demo.test,SUDemo-S175-2026!,Mogadishu,SO,Africa/Mogadishu,somali-university,su-ict101,student,,,,
su-student176,Zakariye,Elmi,su-student176@somaliuniversity.demo.test,SUDemo-S176-2026!,Mogadishu,SO,Africa/Mogadishu,somali-university,su-math101,student,su-eng101,student,,
su-student177,Liban,Warsame,su-student177@somaliuniversity.demo.test,SUDemo-S177-2026!,Mogadishu,SO,Africa/Mogadishu,somali-university,su-ict101,student,,,,
su-student178,Layla,Nuur,su-student178@somaliuniversity.demo.test,SUDemo-S178-2026!,Mogadishu,SO,Africa/Mogadishu,somali-university,su-arb101,student,su-ict101,student,su-math101,student
su-student179,Farah,Mire,su-student179@somaliuniversity.demo.test,SUDemo-S179-2026!,Mogadishu,SO,Africa/Mogadishu,somali-university,su-ict101,student,su-math101,student,,
su-student180,Rahma,Guleed,su-student180@somaliuniversity.demo.test,SUDemo-S180-2026!,Mogadishu,SO,Africa/Mogadishu,somali-university,su-arb101,student,su-math101,student,su-econ101,student
su-student181,Ubax,Awale,su-student181@somaliuniversity.demo.test,SUDemo-S181-2026!,Mogadishu,SO,Africa/Mogadishu,somali-university,su-arb101,student,su-ict101,student,su-math101,student
su-student182,Yusuf,Barre,su-student182@somaliuniversity.demo.test,SUDemo-S182-2026!,Mogadishu,SO,Africa/Mogadishu,somali-university,su-math101,student,su-eng101,student,,
su-student183,Jawahir,Farah,su-student183@somaliuniversity.demo.test,SUDemo-S183-2026!,Mogadishu,SO,Africa/Mogadishu,somali-university,su-math101,student,,,,
su-student184,Omar,Hassan,su-student184@somaliuniversity.demo.test,SUDemo-S184-2026!,Mogadishu,SO,Africa/Mogadishu,somali-university,su-math101,student,,,,
su-student185,Dahir,Isse,su-student185@somaliuniversity.demo.test,SUDemo-S185-2026!,Mogadishu,SO,Africa/Mogadishu,somali-university,su-ict101,student,,,,
su-student186,Jamal,Barre,su-student186@somaliuniversity.demo.test,SUDemo-S186-2026!,Mogadishu,SO,Africa/Mogadishu,somali-university,su-eng101,student,su-ict101,student,su-econ101,student
su-student187,Farah,Mohamed,su-student187@somaliuniversity.demo.test,SUDemo-S187-2026!,Mogadishu,SO,Africa/Mogadishu,somali-university,su-ict101,student,su-arb101,student,su-eng101,student
su-student188,Dahir,Warsame,su-student188@somaliuniversity.demo.test,SUDemo-S188-2026!,Mogadishu,SO,Africa/Mogadishu,somali-university,su-arb101,student,su-eng101,student,su-econ101,student
su-student189,Ayaan,Sheikh,su-student189@somaliuniversity.demo.test,SUDemo-S189-2026!,Mogadishu,SO,Africa/Mogadishu,somali-university,su-arb101,student,su-eng101,student,,
su-student190,Jamal,Gedi,su-student190@somaliuniversity.demo.test,SUDemo-S190-2026!,Mogadishu,SO,Africa/Mogadishu,somali-university,su-econ101,student,su-arb101,student,,
su-student191,Hamdi,Jama,su-student191@somaliuniversity.demo.test,SUDemo-S191-2026!,Mogadishu,SO,Africa/Mogadishu,somali-university,su-math101,student,,,,
su-student192,Sagal,Warsame,su-student192@somaliuniversity.demo.test,SUDemo-S192-2026!,Mogadishu,SO,Africa/Mogadishu,somali-university,su-arb101,student,,,,
su-student193,Iman,Farah,su-student193@somaliuniversity.demo.test,SUDemo-S193-2026!,Mogadishu,SO,Africa/Mogadishu,somali-university,su-econ101,student,su-arb101,student,,
su-student194,Farhiya,Abdi,su-student194@somaliuniversity.demo.test,SUDemo-S194-2026!,Mogadishu,SO,Africa/Mogadishu,somali-university,su-math101,student,,,,
su-student195,Amina,Mohamed,su-student195@somaliuniversity.demo.test,SUDemo-S195-2026!,Mogadishu,SO,Africa/Mogadishu,somali-university,su-arb101,student,su-ict101,student,,
su-student196,Jamal,Samatar,su-student196@somaliuniversity.demo.test,SUDemo-S196-2026!,Mogadishu,SO,Africa/Mogadishu,somali-university,su-arb101,student,,,,
su-student197,Khalid,Warsame,su-student197@somaliuniversity.demo.test,SUDemo-S197-2026!,Mogadishu,SO,Africa/Mogadishu,somali-university,su-arb101,student,su-ict101,student,,
su-student198,Abdullahi,Ismail,su-student198@somaliuniversity.demo.test,SUDemo-S198-2026!,Mogadishu,SO,Africa/Mogadishu,somali-university,su-math101,student,,,,
su-student199,Fadumo,Ali,su-student199@somaliuniversity.demo.test,SUDemo-S199-2026!,Mogadishu,SO,Africa/Mogadishu,somali-university,su-econ101,student,,,,
su-student200,Farah,Aden,su-student200@somaliuniversity.demo.test,SUDemo-S200-2026!,Mogadishu,SO,Africa/Mogadishu,somali-university,su-econ101,student,su-arb101,student,,
su-student201,Mohamed,Sheikh,su-student201@somaliuniversity.demo.test,SUDemo-S201-2026!,Mogadishu,SO,Africa/Mogadishu,somali-university,su-econ101,student,su-math101,student,su-arb101,student
su-student202,Hussein,Mohamed,su-student202@somaliuniversity.demo.test,SUDemo-S202-2026!,Mogadishu,SO,Africa/Mogadishu,somali-university,su-arb101,student,,,,
su-student203,Naima,Abdi,su-student203@somaliuniversity.demo.test,SUDemo-S203-2026!,Mogadishu,SO,Africa/Mogadishu,somali-university,su-ict101,student,su-arb101,student,su-econ101,student
su-student204,Naima,Hersi,su-student204@somaliuniversity.demo.test,SUDemo-S204-2026!,Mogadishu,SO,Africa/Mogadishu,somali-university,su-eng101,student,,,,
su-student205,Jawahir,Ali,su-student205@somaliuniversity.demo.test,SUDemo-S205-2026!,Mogadishu,SO,Africa/Mogadishu,somali-university,su-eng101,student,su-math101,student,,
su-student206,Ifrah,Aden,su-student206@somaliuniversity.demo.test,SUDemo-S206-2026!,Mogadishu,SO,Africa/Mogadishu,somali-university,su-eng101,student,su-econ101,student,,
su-student207,Ubax,Yusuf,su-student207@somaliuniversity.demo.test,SUDemo-S207-2026!,Mogadishu,SO,Africa/Mogadishu,somali-university,su-math101,student,su-eng101,student,,
su-student208,Nur,Mohamed,su-student208@somaliuniversity.demo.test,SUDemo-S208-2026!,Mogadishu,SO,Africa/Mogadishu,somali-university,su-math101,student,,,,
su-student209,Sagal,Ismail,su-student209@somaliuniversity.demo.test,SUDemo-S209-2026!,Mogadishu,SO,Africa/Mogadishu,somali-university,su-math101,student,,,,
su-student210,Dahir,Mohamed,su-student210@somaliuniversity.demo.test,SUDemo-S210-2026!,Mogadishu,SO,Africa/Mogadishu,somali-university,su-eng101,student,su-math101,student,su-ict101,student
su-student211,Hodan,Mohamed,su-student211@somaliuniversity.demo.test,SUDemo-S211-2026!,Mogadishu,SO,Africa/Mogadishu,somali-university,su-ict101,student,su-math101,student,su-econ101,student
su-student212,Ayaan,Osman,su-student212@somaliuniversity.demo.test,SUDemo-S212-2026!,Mogadishu,SO,Africa/Mogadishu,somali-university,su-econ101,student,,,,
su-student213,Nimco,Samatar,su-student213@somaliuniversity.demo.test,SUDemo-S213-2026!,Mogadishu,SO,Africa/Mogadishu,somali-university,su-eng101,student,su-math101,student,,
su-student214,Sagal,Mire,su-student214@somaliuniversity.demo.test,SUDemo-S214-2026!,Mogadishu,SO,Africa/Mogadishu,somali-university,su-eng101,student,su-math101,student,su-ict101,student
su-student215,Hassan,Ali,su-student215@somaliuniversity.demo.test,SUDemo-S215-2026!,Mogadishu,SO,Africa/Mogadishu,somali-university,su-econ101,student,su-arb101,student,su-eng101,student
su-student216,Ifrah,Ismail,su-student216@somaliuniversity.demo.test,SUDemo-S216-2026!,Mogadishu,SO,Africa/Mogadishu,somali-university,su-arb101,student,su-ict101,student,,
su-student217,Khalid,Abdi,su-student217@somaliuniversity.demo.test,SUDemo-S217-2026!,Mogadishu,SO,Africa/Mogadishu,somali-university,su-eng101,student,,,,
su-student218,Sahra,Ali,su-student218@somaliuniversity.demo.test,SUDemo-S218-2026!,Mogadishu,SO,Africa/Mogadishu,somali-university,su-eng101,student,,,,
su-student219,Omar,Farah,su-student219@somaliuniversity.demo.test,SUDemo-S219-2026!,Mogadishu,SO,Africa/Mogadishu,somali-university,su-math101,student,su-arb101,student,su-econ101,student
su-student220,Zakariye,Abdi,su-student220@somaliuniversity.demo.test,SUDemo-S220-2026!,Mogadishu,SO,Africa/Mogadishu,somali-university,su-eng101,student,,,,
su-student221,Ahmed,Mire,su-student221@somaliuniversity.demo.test,SUDemo-S221-2026!,Mogadishu,SO,Africa/Mogadishu,somali-university,su-econ101,student,su-math101,student,su-ict101,student
su-student222,Jamal,Aden,su-student222@somaliuniversity.demo.test,SUDemo-S222-2026!,Mogadishu,SO,Africa/Mogadishu,somali-university,su-econ101,student,su-ict101,student,su-math101,student
su-student223,Farah,Gedi,su-student223@somaliuniversity.demo.test,SUDemo-S223-2026!,Mogadishu,SO,Africa/Mogadishu,somali-university,su-ict101,student,su-math101,student,,
su-student224,Abdullahi,Hassan,su-student224@somaliuniversity.demo.test,SUDemo-S224-2026!,Mogadishu,SO,Africa/Mogadishu,somali-university,su-ict101,student,su-math101,student,su-arb101,student
su-student225,Zahra,Isse,su-student225@somaliuniversity.demo.test,SUDemo-S225-2026!,Mogadishu,SO,Africa/Mogadishu,somali-university,su-math101,student,,,,
su-student226,Fadumo,Barre,su-student226@somaliuniversity.demo.test,SUDemo-S226-2026!,Mogadishu,SO,Africa/Mogadishu,somali-university,su-eng101,student,su-econ101,student,su-arb101,student
su-student227,Zahra,Samatar,su-student227@somaliuniversity.demo.test,SUDemo-S227-2026!,Mogadishu,SO,Africa/Mogadishu,somali-university,su-eng101,student,su-ict101,student,su-econ101,student
su-student228,Warsame,Ali,su-student228@somaliuniversity.demo.test,SUDemo-S228-2026!,Mogadishu,SO,Africa/Mogadishu,somali-university,su-eng101,student,,,,
su-student229,Abdullahi,Osman,su-student229@somaliuniversity.demo.test,SUDemo-S229-2026!,Mogadishu,SO,Africa/Mogadishu,somali-university,su-arb101,student,su-math101,student,su-eng101,student
su-student230,Khadija,Gedi,su-student230@somaliuniversity.demo.test,SUDemo-S230-2026!,Mogadishu,SO,Africa/Mogadishu,somali-university,su-eng101,student,,,,
su-student231,Mustaf,Hassan,su-student231@somaliuniversity.demo.test,SUDemo-S231-2026!,Mogadishu,SO,Africa/Mogadishu,somali-university,su-math101,student,su-eng101,student,,
su-student232,Bashir,Osman,su-student232@somaliuniversity.demo.test,SUDemo-S232-2026!,Mogadishu,SO,Africa/Mogadishu,somali-university,su-ict101,student,,,,
su-student233,Sharmarke,Mire,su-student233@somaliuniversity.demo.test,SUDemo-S233-2026!,Mogadishu,SO,Africa/Mogadishu,somali-university,su-econ101,student,su-arb101,student,su-eng101,student
su-student234,Warsame,Egal,su-student234@somaliuniversity.demo.test,SUDemo-S234-2026!,Mogadishu,SO,Africa/Mogadishu,somali-university,su-econ101,student,,,,
su-student235,Zahra,Hassan,su-student235@somaliuniversity.demo.test,SUDemo-S235-2026!,Mogadishu,SO,Africa/Mogadishu,somali-university,su-eng101,student,su-arb101,student,,
su-student236,Hussein,Farah,su-student236@somaliuniversity.demo.test,SUDemo-S236-2026!,Mogadishu,SO,Africa/Mogadishu,somali-university,su-eng101,student,su-math101,student,su-ict101,student
su-student237,Farah,Osman,su-student237@somaliuniversity.demo.test,SUDemo-S237-2026!,Mogadishu,SO,Africa/Mogadishu,somali-university,su-eng101,student,su-math101,student,,
su-student238,Fadumo,Samatar,su-student238@somaliuniversity.demo.test,SUDemo-S238-2026!,Mogadishu,SO,Africa/Mogadishu,somali-university,su-arb101,student,,,,
su-student239,Yusuf,Nuur,su-student239@somaliuniversity.demo.test,SUDemo-S239-2026!,Mogadishu,SO,Africa/Mogadishu,somali-university,su-arb101,student,su-eng101,student,,
su-student240,Warsame,Farah,su-student240@somaliuniversity.demo.test,SUDemo-S240-2026!,Mogadishu,SO,Africa/Mogadishu,somali-university,su-econ101,student,,,,
su-student241,Mohamed,Osman,su-student241@somaliuniversity.demo.test,SUDemo-S241-2026!,Mogadishu,SO,Africa/Mogadishu,somali-university,su-eng101,student,su-econ101,student,,
su-student242,Kaafi,Hersi,su-student242@somaliuniversity.demo.test,SUDemo-S242-2026!,Mogadishu,SO,Africa/Mogadishu,somali-university,su-econ101,student,su-arb101,student,su-ict101,student
su-student243,Nimco,Hussein,su-student243@somaliuniversity.demo.test,SUDemo-S243-2026!,Mogadishu,SO,Africa/Mogadishu,somali-university,su-ict101,student,,,,
su-student244,Iman,Hersi,su-student244@somaliuniversity.demo.test,SUDemo-S244-2026!,Mogadishu,SO,Africa/Mogadishu,somali-university,su-arb101,student,su-econ101,student,,
su-student245,Ifrah,Elmi,su-student245@somaliuniversity.demo.test,SUDemo-S245-2026!,Mogadishu,SO,Africa/Mogadishu,somali-university,su-eng101,student,,,,
su-student246,Hodan,Warsame,su-student246@somaliuniversity.demo.test,SUDemo-S246-2026!,Mogadishu,SO,Africa/Mogadishu,somali-university,su-arb101,student,su-math101,student,,
su-student247,Ahmed,Hussein,su-student247@somaliuniversity.demo.test,SUDemo-S247-2026!,Mogadishu,SO,Africa/Mogadishu,somali-university,su-econ101,student,su-arb101,student,,
su-student248,Hibo,Sheikh,su-student248@somaliuniversity.demo.test,SUDemo-S248-2026!,Mogadishu,SO,Africa/Mogadishu,somali-university,su-ict101,student,su-math101,student,,
su-student249,Sagal,Guleed,su-student249@somaliuniversity.demo.test,SUDemo-S249-2026!,Mogadishu,SO,Africa/Mogadishu,somali-university,su-eng101,student,su-math101,student,su-arb101,student
su-student250,Nimco,Isse,su-student250@somaliuniversity.demo.test,SUDemo-S250-2026!,Mogadishu,SO,Africa/Mogadishu,somali-university,su-eng101,student,su-math101,student,su-ict101,student
su-student251,Omar,Jama,su-student251@somaliuniversity.demo.test,SUDemo-S251-2026!,Mogadishu,SO,Africa/Mogadishu,somali-university,su-arb101,student,su-ict101,student,,
su-student252,Filsan,Barre,su-student252@somaliuniversity.demo.test,SUDemo-S252-2026!,Mogadishu,SO,Africa/Mogadishu,somali-university,su-eng101,student,su-arb101,student,,
su-student253,Ismail,Gedi,su-student253@somaliuniversity.demo.test,SUDemo-S253-2026!,Mogadishu,SO,Africa/Mogadishu,somali-university,su-eng101,student,su-arb101,student,,
su-student254,Bashir,Elmi,su-student254@somaliuniversity.demo.test,SUDemo-S254-2026!,Mogadishu,SO,Africa/Mogadishu,somali-university,su-math101,student,,,,
su-student255,Liban,Elmi,su-student255@somaliuniversity.demo.test,SUDemo-S255-2026!,Mogadishu,SO,Africa/Mogadishu,somali-university,su-arb101,student,su-ict101,student,su-econ101,student
su-student256,Farhiya,Awale,su-student256@somaliuniversity.demo.test,SUDemo-S256-2026!,Mogadishu,SO,Africa/Mogadishu,somali-university,su-ict101,student,,,,
su-student257,Jawahir,Samatar,su-student257@somaliuniversity.demo.test,SUDemo-S257-2026!,Mogadishu,SO,Africa/Mogadishu,somali-university,su-math101,student,su-eng101,student,su-ict101,student
su-student258,Amina,Osman,su-student258@somaliuniversity.demo.test,SUDemo-S258-2026!,Mogadishu,SO,Africa/Mogadishu,somali-university,su-eng101,student,su-econ101,student,,
su-student259,Yusuf,Ali,su-student259@somaliuniversity.demo.test,SUDemo-S259-2026!,Mogadishu,SO,Africa/Mogadishu,somali-university,su-eng101,student,su-math101,student,,
su-student260,Amina,Yusuf,su-student260@somaliuniversity.demo.test,SUDemo-S260-2026!,Mogadishu,SO,Africa/Mogadishu,somali-university,su-arb101,student,,,,
su-student261,Zakariye,Barre,su-student261@somaliuniversity.demo.test,SUDemo-S261-2026!,Mogadishu,SO,Africa/Mogadishu,somali-university,su-econ101,student,su-arb101,student,su-ict101,student
su-student262,Nur,Barre,su-student262@somaliuniversity.demo.test,SUDemo-S262-2026!,Mogadishu,SO,Africa/Mogadishu,somali-university,su-econ101,student,,,,
su-student263,Yasmin,Hersi,su-student263@somaliuniversity.demo.test,SUDemo-S263-2026!,Mogadishu,SO,Africa/Mogadishu,somali-university,su-ict101,student,,,,
su-student264,Layla,Hussein,su-student264@somaliuniversity.demo.test,SUDemo-S264-2026!,Mogadishu,SO,Africa/Mogadishu,somali-university,su-eng101,student,su-math101,student,su-ict101,student
su-student265,Farhiya,Ismail,su-student265@somaliuniversity.demo.test,SUDemo-S265-2026!,Mogadishu,SO,Africa/Mogadishu,somali-university,su-eng101,student,su-math101,student,su-econ101,student
su-student266,Ayaan,Farah,su-student266@somaliuniversity.demo.test,SUDemo-S266-2026!,Mogadishu,SO,Africa/Mogadishu,somali-university,su-econ101,student,su-arb101,student,,
su-student267,Abdullahi,Guleed,su-student267@somaliuniversity.demo.test,SUDemo-S267-2026!,Mogadishu,SO,Africa/Mogadishu,somali-university,su-arb101,student,su-eng101,student,su-math101,student
su-student268,Bashir,Barre,su-student268@somaliuniversity.demo.test,SUDemo-S268-2026!,Mogadishu,SO,Africa/Mogadishu,somali-university,su-eng101,student,su-math101,student,,
su-student269,Nimco,Mohamed,su-student269@somaliuniversity.demo.test,SUDemo-S269-2026!,Mogadishu,SO,Africa/Mogadishu,somali-university,su-arb101,student,su-math101,student,su-eng101,student
su-student270,Hodan,Barre,su-student270@somaliuniversity.demo.test,SUDemo-S270-2026!,Mogadishu,SO,Africa/Mogadishu,somali-university,su-eng101,student,,,,
su-student271,Sagal,Ali,su-student271@somaliuniversity.demo.test,SUDemo-S271-2026!,Mogadishu,SO,Africa/Mogadishu,somali-university,su-arb101,student,su-math101,student,su-eng101,student
su-student272,Hamdi,Awale,su-student272@somaliuniversity.demo.test,SUDemo-S272-2026!,Mogadishu,SO,Africa/Mogadishu,somali-university,su-econ101,student,su-arb101,student,su-ict101,student
su-student273,Mustaf,Hussein,su-student273@somaliuniversity.demo.test,SUDemo-S273-2026!,Mogadishu,SO,Africa/Mogadishu,somali-university,su-eng101,student,,,,
su-student274,Kaafi,Isse,su-student274@somaliuniversity.demo.test,SUDemo-S274-2026!,Mogadishu,SO,Africa/Mogadishu,somali-university,su-eng101,student,,,,
su-student275,Omar,Warsame,su-student275@somaliuniversity.demo.test,SUDemo-S275-2026!,Mogadishu,SO,Africa/Mogadishu,somali-university,su-arb101,student,su-math101,student,,
su-student276,Sagal,Gedi,su-student276@somaliuniversity.demo.test,SUDemo-S276-2026!,Mogadishu,SO,Africa/Mogadishu,somali-university,su-math101,student,su-arb101,student,su-econ101,student
su-student277,Maryan,Duale,su-student277@somaliuniversity.demo.test,SUDemo-S277-2026!,Mogadishu,SO,Africa/Mogadishu,somali-university,su-eng101,student,su-math101,student,,
su-student278,Elmi,Gedi,su-student278@somaliuniversity.demo.test,SUDemo-S278-2026!,Mogadishu,SO,Africa/Mogadishu,somali-university,su-ict101,student,,,,
su-student279,Halima,Jama,su-student279@somaliuniversity.demo.test,SUDemo-S279-2026!,Mogadishu,SO,Africa/Mogadishu,somali-university,su-math101,student,su-arb101,student,,
su-student280,Farah,Hersi,su-student280@somaliuniversity.demo.test,SUDemo-S280-2026!,Mogadishu,SO,Africa/Mogadishu,somali-university,su-arb101,student,su-eng101,student,su-math101,student
su-student281,Yasmin,Guleed,su-student281@somaliuniversity.demo.test,SUDemo-S281-2026!,Mogadishu,SO,Africa/Mogadishu,somali-university,su-eng101,student,su-math101,student,,
su-student282,Sahra,Hassan,su-student282@somaliuniversity.demo.test,SUDemo-S282-2026!,Mogadishu,SO,Africa/Mogadishu,somali-university,su-arb101,student,,,,
su-student283,Khalid,Duale,su-student283@somaliuniversity.demo.test,SUDemo-S283-2026!,Mogadishu,SO,Africa/Mogadishu,somali-university,su-math101,student,su-arb101,student,,
su-student284,Mustaf,Abdi,su-student284@somaliuniversity.demo.test,SUDemo-S284-2026!,Mogadishu,SO,Africa/Mogadishu,somali-university,su-eng101,student,,,,
su-student285,Yasmin,Yusuf,su-student285@somaliuniversity.demo.test,SUDemo-S285-2026!,Mogadishu,SO,Africa/Mogadishu,somali-university,su-math101,student,,,,
su-student286,Zahra,Nuur,su-student286@somaliuniversity.demo.test,SUDemo-S286-2026!,Mogadishu,SO,Africa/Mogadishu,somali-university,su-ict101,student,su-math101,student,su-eng101,student
su-student287,Sahra,Hersi,su-student287@somaliuniversity.demo.test,SUDemo-S287-2026!,Mogadishu,SO,Africa/Mogadishu,somali-university,su-math101,student,su-eng101,student,su-econ101,student
su-student288,Awil,Hussein,su-student288@somaliuniversity.demo.test,SUDemo-S288-2026!,Mogadishu,SO,Africa/Mogadishu,somali-university,su-eng101,student,,,,
su-student289,Halima,Farah,su-student289@somaliuniversity.demo.test,SUDemo-S289-2026!,Mogadishu,SO,Africa/Mogadishu,somali-university,su-econ101,student,,,,
su-student290,Layla,Elmi,su-student290@somaliuniversity.demo.test,SUDemo-S290-2026!,Mogadishu,SO,Africa/Mogadishu,somali-university,su-math101,student,su-ict101,student,,
su-student291,Farah,Hussein,su-student291@somaliuniversity.demo.test,SUDemo-S291-2026!,Mogadishu,SO,Africa/Mogadishu,somali-university,su-econ101,student,su-arb101,student,su-ict101,student
su-student292,Ayaan,Hersi,su-student292@somaliuniversity.demo.test,SUDemo-S292-2026!,Mogadishu,SO,Africa/Mogadishu,somali-university,su-eng101,student,su-math101,student,su-ict101,student
su-student293,Farhiya,Mohamed,su-student293@somaliuniversity.demo.test,SUDemo-S293-2026!,Mogadishu,SO,Africa/Mogadishu,somali-university,su-arb101,student,,,,
su-student294,Bashir,Ismail,su-student294@somaliuniversity.demo.test,SUDemo-S294-2026!,Mogadishu,SO,Africa/Mogadishu,somali-university,su-ict101,student,,,,
su-student295,Zahra,Mire,su-student295@somaliuniversity.demo.test,SUDemo-S295-2026!,Mogadishu,SO,Africa/Mogadishu,somali-university,su-arb101,student,,,,
su-student296,Farhiya,Duale,su-student296@somaliuniversity.demo.test,SUDemo-S296-2026!,Mogadishu,SO,Africa/Mogadishu,somali-university,su-econ101,student,,,,
su-student297,Naima,Gedi,su-student297@somaliuniversity.demo.test,SUDemo-S297-2026!,Mogadishu,SO,Africa/Mogadishu,somali-university,su-econ101,student,su-ict101,student,su-math101,student
su-student298,Ubax,Abdi,su-student298@somaliuniversity.demo.test,SUDemo-S298-2026!,Mogadishu,SO,Africa/Mogadishu,somali-university,su-math101,student,su-econ101,student,,
su-student299,Zahra,Awale,su-student299@somaliuniversity.demo.test,SUDemo-S299-2026!,Mogadishu,SO,Africa/Mogadishu,somali-university,su-math101,student,su-arb101,student,su-ict101,student
su-student300,Ismail,Warsame,su-student300@somaliuniversity.demo.test,SUDemo-S300-2026!,Mogadishu,SO,Africa/Mogadishu,somali-university,su-econ101,student,,,,
su-student301,Khalid,Yusuf,su-student301@somaliuniversity.demo.test,SUDemo-S301-2026!,Mogadishu,SO,Africa/Mogadishu,somali-university,su-eng101,student,su-math101,student,,
su-student302,Iman,Osman,su-student302@somaliuniversity.demo.test,SUDemo-S302-2026!,Mogadishu,SO,Africa/Mogadishu,somali-university,su-eng101,student,su-math101,student,su-ict101,student
su-student303,Awil,Elmi,su-student303@somaliuniversity.demo.test,SUDemo-S303-2026!,Mogadishu,SO,Africa/Mogadishu,somali-university,su-arb101,student,su-ict101,student,,
su-student304,Hodan,Ismail,su-student304@somaliuniversity.demo.test,SUDemo-S304-2026!,Mogadishu,SO,Africa/Mogadishu,somali-university,su-eng101,student,su-math101,student,su-ict101,student
su-student305,Bashir,Jama,su-student305@somaliuniversity.demo.test,SUDemo-S305-2026!,Mogadishu,SO,Africa/Mogadishu,somali-university,su-econ101,student,su-arb101,student,su-ict101,student
su-student306,Rahma,Osman,su-student306@somaliuniversity.demo.test,SUDemo-S306-2026!,Mogadishu,SO,Africa/Mogadishu,somali-university,su-econ101,student,su-ict101,student,su-arb101,student
su-student307,Ayaan,Isse,su-student307@somaliuniversity.demo.test,SUDemo-S307-2026!,Mogadishu,SO,Africa/Mogadishu,somali-university,su-econ101,student,,,,
su-student308,Halima,Hersi,su-student308@somaliuniversity.demo.test,SUDemo-S308-2026!,Mogadishu,SO,Africa/Mogadishu,somali-university,su-eng101,student,su-arb101,student,,
su-student309,Liban,Hassan,su-student309@somaliuniversity.demo.test,SUDemo-S309-2026!,Mogadishu,SO,Africa/Mogadishu,somali-university,su-econ101,student,,,,
su-student310,Fadumo,Hersi,su-student310@somaliuniversity.demo.test,SUDemo-S310-2026!,Mogadishu,SO,Africa/Mogadishu,somali-university,su-math101,student,,,,
su-student311,Nimco,Awale,su-student311@somaliuniversity.demo.test,SUDemo-S311-2026!,Mogadishu,SO,Africa/Mogadishu,somali-university,su-econ101,student,su-math101,student,,
su-student312,Hussein,Barre,su-student312@somaliuniversity.demo.test,SUDemo-S312-2026!,Mogadishu,SO,Africa/Mogadishu,somali-university,su-eng101,student,,,,
su-student313,Farhiya,Sheikh,su-student313@somaliuniversity.demo.test,SUDemo-S313-2026!,Mogadishu,SO,Africa/Mogadishu,somali-university,su-arb101,student,su-math101,student,su-eng101,student
su-student314,Ayaan,Duale,su-student314@somaliuniversity.demo.test,SUDemo-S314-2026!,Mogadishu,SO,Africa/Mogadishu,somali-university,su-ict101,student,su-math101,student,,
su-student315,Sharmarke,Barre,su-student315@somaliuniversity.demo.test,SUDemo-S315-2026!,Mogadishu,SO,Africa/Mogadishu,somali-university,su-eng101,student,su-arb101,student,,
su-student316,Mohamed,Farah,su-student316@somaliuniversity.demo.test,SUDemo-S316-2026!,Mogadishu,SO,Africa/Mogadishu,somali-university,su-eng101,student,su-math101,student,,
su-student317,Ahmed,Abdi,su-student317@somaliuniversity.demo.test,SUDemo-S317-2026!,Mogadishu,SO,Africa/Mogadishu,somali-university,su-ict101,student,,,,
su-student318,Amina,Awale,su-student318@somaliuniversity.demo.test,SUDemo-S318-2026!,Mogadishu,SO,Africa/Mogadishu,somali-university,su-eng101,student,su-math101,student,su-ict101,student
su-student319,Hodan,Jama,su-student319@somaliuniversity.demo.test,SUDemo-S319-2026!,Mogadishu,SO,Africa/Mogadishu,somali-university,su-ict101,student,,,,
su-student320,Jawahir,Hussein,su-student320@somaliuniversity.demo.test,SUDemo-S320-2026!,Mogadishu,SO,Africa/Mogadishu,somali-university,su-econ101,student,,,,
su-student321,Omar,Yusuf,su-student321@somaliuniversity.demo.test,SUDemo-S321-2026!,Mogadishu,SO,Africa/Mogadishu,somali-university,su-arb101,student,su-ict101,student,su-econ101,student
su-student322,Liban,Awale,su-student322@somaliuniversity.demo.test,SUDemo-S322-2026!,Mogadishu,SO,Africa/Mogadishu,somali-university,su-arb101,student,su-ict101,student,,
su-student323,Yusuf,Aden,su-student323@somaliuniversity.demo.test,SUDemo-S323-2026!,Mogadishu,SO,Africa/Mogadishu,somali-university,su-eng101,student,,,,
su-student324,Iman,Warsame,su-student324@somaliuniversity.demo.test,SUDemo-S324-2026!,Mogadishu,SO,Africa/Mogadishu,somali-university,su-eng101,student,su-arb101,student,su-math101,student
su-student325,Abdullahi,Mire,su-student325@somaliuniversity.demo.test,SUDemo-S325-2026!,Mogadishu,SO,Africa/Mogadishu,somali-university,su-arb101,student,,,,
su-student326,Khadija,Awale,su-student326@somaliuniversity.demo.test,SUDemo-S326-2026!,Mogadishu,SO,Africa/Mogadishu,somali-university,su-ict101,student,,,,
su-student327,Awil,Hassan,su-student327@somaliuniversity.demo.test,SUDemo-S327-2026!,Mogadishu,SO,Africa/Mogadishu,somali-university,su-ict101,student,su-arb101,student,su-econ101,student
su-student328,Nur,Sheikh,su-student328@somaliuniversity.demo.test,SUDemo-S328-2026!,Mogadishu,SO,Africa/Mogadishu,somali-university,su-econ101,student,,,,
su-student329,Zakariye,Isse,su-student329@somaliuniversity.demo.test,SUDemo-S329-2026!,Mogadishu,SO,Africa/Mogadishu,somali-university,su-arb101,student,su-ict101,student,,
su-student330,Zakariye,Nuur,su-student330@somaliuniversity.demo.test,SUDemo-S330-2026!,Mogadishu,SO,Africa/Mogadishu,somali-university,su-econ101,student,su-arb101,student,,
su-student331,Amina,Hassan,su-student331@somaliuniversity.demo.test,SUDemo-S331-2026!,Mogadishu,SO,Africa/Mogadishu,somali-university,su-math101,student,su-ict101,student,su-arb101,student
su-student332,Farhiya,Jama,su-student332@somaliuniversity.demo.test,SUDemo-S332-2026!,Mogadishu,SO,Africa/Mogadishu,somali-university,su-econ101,student,,,,
su-student333,Sagal,Abdi,su-student333@somaliuniversity.demo.test,SUDemo-S333-2026!,Mogadishu,SO,Africa/Mogadishu,somali-university,su-math101,student,su-ict101,student,,
su-student334,Abdi,Egal,su-student334@somaliuniversity.demo.test,SUDemo-S334-2026!,Mogadishu,SO,Africa/Mogadishu,somali-university,su-eng101,student,,,,
su-student335,Layla,Barre,su-student335@somaliuniversity.demo.test,SUDemo-S335-2026!,Mogadishu,SO,Africa/Mogadishu,somali-university,su-ict101,student,su-math101,student,,
su-student336,Yasmin,Elmi,su-student336@somaliuniversity.demo.test,SUDemo-S336-2026!,Mogadishu,SO,Africa/Mogadishu,somali-university,su-econ101,student,su-arb101,student,,
su-student337,Amina,Samatar,su-student337@somaliuniversity.demo.test,SUDemo-S337-2026!,Mogadishu,SO,Africa/Mogadishu,somali-university,su-ict101,student,,,,
su-student338,Bashir,Egal,su-student338@somaliuniversity.demo.test,SUDemo-S338-2026!,Mogadishu,SO,Africa/Mogadishu,somali-university,su-math101,student,su-eng101,student,,
su-student339,Abdullahi,Samatar,su-student339@somaliuniversity.demo.test,SUDemo-S339-2026!,Mogadishu,SO,Africa/Mogadishu,somali-university,su-eng101,student,su-arb101,student,su-ict101,student
su-student340,Zahra,Mohamed,su-student340@somaliuniversity.demo.test,SUDemo-S340-2026!,Mogadishu,SO,Africa/Mogadishu,somali-university,su-eng101,student,,,,
su-student341,Ifrah,Mire,su-student341@somaliuniversity.demo.test,SUDemo-S341-2026!,Mogadishu,SO,Africa/Mogadishu,somali-university,su-arb101,student,su-math101,student,,
su-student342,Sharmarke,Guleed,su-student342@somaliuniversity.demo.test,SUDemo-S342-2026!,Mogadishu,SO,Africa/Mogadishu,somali-university,su-econ101,student,,,,
su-student343,Warsame,Sheikh,su-student343@somaliuniversity.demo.test,SUDemo-S343-2026!,Mogadishu,SO,Africa/Mogadishu,somali-university,su-math101,student,,,,
su-student344,Hamdi,Mohamed,su-student344@somaliuniversity.demo.test,SUDemo-S344-2026!,Mogadishu,SO,Africa/Mogadishu,somali-university,su-arb101,student,su-math101,student,,
su-student345,Maryan,Mire,su-student345@somaliuniversity.demo.test,SUDemo-S345-2026!,Mogadishu,SO,Africa/Mogadishu,somali-university,su-math101,student,su-econ101,student,su-eng101,student
su-student346,Ahmed,Mohamed,su-student346@somaliuniversity.demo.test,SUDemo-S346-2026!,Mogadishu,SO,Africa/Mogadishu,somali-university,su-eng101,student,,,,
su-student347,Hassan,Yusuf,su-student347@somaliuniversity.demo.test,SUDemo-S347-2026!,Mogadishu,SO,Africa/Mogadishu,somali-university,su-econ101,student,su-arb101,student,,
su-student348,Nasra,Hussein,su-student348@somaliuniversity.demo.test,SUDemo-S348-2026!,Mogadishu,SO,Africa/Mogadishu,somali-university,su-arb101,student,su-econ101,student,su-ict101,student
su-student349,Hussein,Elmi,su-student349@somaliuniversity.demo.test,SUDemo-S349-2026!,Mogadishu,SO,Africa/Mogadishu,somali-university,su-eng101,student,su-math101,student,,
su-student350,Nimco,Aden,su-student350@somaliuniversity.demo.test,SUDemo-S350-2026!,Mogadishu,SO,Africa/Mogadishu,somali-university,su-eng101,student,,,,
su-student351,Hibo,Mohamed,su-student351@somaliuniversity.demo.test,SUDemo-S351-2026!,Mogadishu,SO,Africa/Mogadishu,somali-university,su-ict101,student,,,,
su-student352,Nimco,Nuur,su-student352@somaliuniversity.demo.test,SUDemo-S352-2026!,Mogadishu,SO,Africa/Mogadishu,somali-university,su-ict101,student,su-math101,student,,
su-student353,Guled,Elmi,su-student353@somaliuniversity.demo.test,SUDemo-S353-2026!,Mogadishu,SO,Africa/Mogadishu,somali-university,su-arb101,student,su-math101,student,,
su-student354,Farah,Duale,su-student354@somaliuniversity.demo.test,SUDemo-S354-2026!,Mogadishu,SO,Africa/Mogadishu,somali-university,su-ict101,student,su-math101,student,su-eng101,student
su-student355,Jawahir,Duale,su-student355@somaliuniversity.demo.test,SUDemo-S355-2026!,Mogadishu,SO,Africa/Mogadishu,somali-university,su-arb101,student,su-ict101,student,,
su-student356,Iman,Duale,su-student356@somaliuniversity.demo.test,SUDemo-S356-2026!,Mogadishu,SO,Africa/Mogadishu,somali-university,su-eng101,student,,,,
su-student357,Guled,Samatar,su-student357@somaliuniversity.demo.test,SUDemo-S357-2026!,Mogadishu,SO,Africa/Mogadishu,somali-university,su-eng101,student,su-arb101,student,su-math101,student
su-student358,Khadija,Duale,su-student358@somaliuniversity.demo.test,SUDemo-S358-2026!,Mogadishu,SO,Africa/Mogadishu,somali-university,su-ict101,student,su-arb101,student,,
su-student359,Layla,Jama,su-student359@somaliuniversity.demo.test,SUDemo-S359-2026!,Mogadishu,SO,Africa/Mogadishu,somali-university,su-econ101,student,,,,
su-student360,Hibo,Egal,su-student360@somaliuniversity.demo.test,SUDemo-S360-2026!,Mogadishu,SO,Africa/Mogadishu,somali-university,su-arb101,student,su-econ101,student,,
su-student361,Hassan,Nuur,su-student361@somaliuniversity.demo.test,SUDemo-S361-2026!,Mogadishu,SO,Africa/Mogadishu,somali-university,su-arb101,student,su-math101,student,,
su-student362,Mustaf,Ismail,su-student362@somaliuniversity.demo.test,SUDemo-S362-2026!,Mogadishu,SO,Africa/Mogadishu,somali-university,su-econ101,student,su-arb101,student,su-ict101,student
su-student363,Farhiya,Hersi,su-student363@somaliuniversity.demo.test,SUDemo-S363-2026!,Mogadishu,SO,Africa/Mogadishu,somali-university,su-econ101,student,,,,
su-student364,Ifrah,Duale,su-student364@somaliuniversity.demo.test,SUDemo-S364-2026!,Mogadishu,SO,Africa/Mogadishu,somali-university,su-eng101,student,su-arb101,student,su-econ101,student
su-student365,Sharmarke,Egal,su-student365@somaliuniversity.demo.test,SUDemo-S365-2026!,Mogadishu,SO,Africa/Mogadishu,somali-university,su-ict101,student,su-math101,student,,
su-student366,Zakariye,Ali,su-student366@somaliuniversity.demo.test,SUDemo-S366-2026!,Mogadishu,SO,Africa/Mogadishu,somali-university,su-math101,student,su-arb101,student,su-eng101,student
su-student367,Ifrah,Hassan,su-student367@somaliuniversity.demo.test,SUDemo-S367-2026!,Mogadishu,SO,Africa/Mogadishu,somali-university,su-econ101,student,su-arb101,student,,
su-student368,Yusuf,Samatar,su-student368@somaliuniversity.demo.test,SUDemo-S368-2026!,Mogadishu,SO,Africa/Mogadishu,somali-university,su-arb101,student,,,,
su-student369,Khalid,Samatar,su-student369@somaliuniversity.demo.test,SUDemo-S369-2026!,Mogadishu,SO,Africa/Mogadishu,somali-university,su-eng101,student,su-math101,student,,
su-student370,Amina,Hersi,su-student370@somaliuniversity.demo.test,SUDemo-S370-2026!,Mogadishu,SO,Africa/Mogadishu,somali-university,su-arb101,student,su-ict101,student,,
su-student371,Sharmarke,Ali,su-student371@somaliuniversity.demo.test,SUDemo-S371-2026!,Mogadishu,SO,Africa/Mogadishu,somali-university,su-eng101,student,,,,
su-student372,Iman,Isse,su-student372@somaliuniversity.demo.test,SUDemo-S372-2026!,Mogadishu,SO,Africa/Mogadishu,somali-university,su-arb101,student,su-math101,student,su-econ101,student
su-student373,Sagal,Sheikh,su-student373@somaliuniversity.demo.test,SUDemo-S373-2026!,Mogadishu,SO,Africa/Mogadishu,somali-university,su-arb101,student,,,,
su-student374,Hamdi,Duale,su-student374@somaliuniversity.demo.test,SUDemo-S374-2026!,Mogadishu,SO,Africa/Mogadishu,somali-university,su-ict101,student,su-math101,student,,
su-student375,Nur,Yusuf,su-student375@somaliuniversity.demo.test,SUDemo-S375-2026!,Mogadishu,SO,Africa/Mogadishu,somali-university,su-arb101,student,su-ict101,student,su-math101,student
su-student376,Maryan,Yusuf,su-student376@somaliuniversity.demo.test,SUDemo-S376-2026!,Mogadishu,SO,Africa/Mogadishu,somali-university,su-ict101,student,,,,
su-student377,Ifrah,Gedi,su-student377@somaliuniversity.demo.test,SUDemo-S377-2026!,Mogadishu,SO,Africa/Mogadishu,somali-university,su-eng101,student,,,,
su-student378,Sagal,Isse,su-student378@somaliuniversity.demo.test,SUDemo-S378-2026!,Mogadishu,SO,Africa/Mogadishu,somali-university,su-math101,student,,,,
su-student379,Ubax,Aden,su-student379@somaliuniversity.demo.test,SUDemo-S379-2026!,Mogadishu,SO,Africa/Mogadishu,somali-university,su-arb101,student,su-ict101,student,,
su-student380,Abdi,Jama,su-student380@somaliuniversity.demo.test,SUDemo-S380-2026!,Mogadishu,SO,Africa/Mogadishu,somali-university,su-ict101,student,su-econ101,student,,
su-student381,Zahra,Egal,su-student381@somaliuniversity.demo.test,SUDemo-S381-2026!,Mogadishu,SO,Africa/Mogadishu,somali-university,su-eng101,student,su-ict101,student,,
su-student382,Jawahir,Yusuf,su-student382@somaliuniversity.demo.test,SUDemo-S382-2026!,Mogadishu,SO,Africa/Mogadishu,somali-university,su-eng101,student,su-arb101,student,su-econ101,student
su-student383,Liban,Isse,su-student383@somaliuniversity.demo.test,SUDemo-S383-2026!,Mogadishu,SO,Africa/Mogadishu,somali-university,su-ict101,student,su-eng101,student,,
su-student384,Guled,Jama,su-student384@somaliuniversity.demo.test,SUDemo-S384-2026!,Mogadishu,SO,Africa/Mogadishu,somali-university,su-econ101,student,,,,
su-student385,Kaafi,Elmi,su-student385@somaliuniversity.demo.test,SUDemo-S385-2026!,Mogadishu,SO,Africa/Mogadishu,somali-university,su-eng101,student,,,,
su-student386,Iman,Hassan,su-student386@somaliuniversity.demo.test,SUDemo-S386-2026!,Mogadishu,SO,Africa/Mogadishu,somali-university,su-arb101,student,su-econ101,student,su-math101,student
su-student387,Farhiya,Farah,su-student387@somaliuniversity.demo.test,SUDemo-S387-2026!,Mogadishu,SO,Africa/Mogadishu,somali-university,su-eng101,student,su-arb101,student,su-econ101,student
su-student388,Khalid,Hassan,su-student388@somaliuniversity.demo.test,SUDemo-S388-2026!,Mogadishu,SO,Africa/Mogadishu,somali-university,su-eng101,student,,,,
su-student389,Hodan,Sheikh,su-student389@somaliuniversity.demo.test,SUDemo-S389-2026!,Mogadishu,SO,Africa/Mogadishu,somali-university,su-eng101,student,,,,
su-student390,Farah,Yusuf,su-student390@somaliuniversity.demo.test,SUDemo-S390-2026!,Mogadishu,SO,Africa/Mogadishu,somali-university,su-eng101,student,su-math101,student,,
su-student391,Abdi,Guleed,su-student391@somaliuniversity.demo.test,SUDemo-S391-2026!,Mogadishu,SO,Africa/Mogadishu,somali-university,su-math101,student,,,,
su-student392,Farah,Sheikh,su-student392@somaliuniversity.demo.test,SUDemo-S392-2026!,Mogadishu,SO,Africa/Mogadishu,somali-university,su-eng101,student,su-math101,student,,
su-student393,Dahir,Yusuf,su-student393@somaliuniversity.demo.test,SUDemo-S393-2026!,Mogadishu,SO,Africa/Mogadishu,somali-university,su-ict101,student,su-econ101,student,su-math101,student
su-student394,Omar,Awale,su-student394@somaliuniversity.demo.test,SUDemo-S394-2026!,Mogadishu,SO,Africa/Mogadishu,somali-university,su-econ101,student,,,,
su-student395,Filsan,Ismail,su-student395@somaliuniversity.demo.test,SUDemo-S395-2026!,Mogadishu,SO,Africa/Mogadishu,somali-university,su-econ101,student,su-math101,student,,
su-student396,Khadija,Ali,su-student396@somaliuniversity.demo.test,SUDemo-S396-2026!,Mogadishu,SO,Africa/Mogadishu,somali-university,su-ict101,student,su-eng101,student,su-econ101,student
su-student397,Zakariye,Gedi,su-student397@somaliuniversity.demo.test,SUDemo-S397-2026!,Mogadishu,SO,Africa/Mogadishu,somali-university,su-arb101,student,su-econ101,student,su-ict101,student
su-student398,Ayaan,Nuur,su-student398@somaliuniversity.demo.test,SUDemo-S398-2026!,Mogadishu,SO,Africa/Mogadishu,somali-university,su-econ101,student,,,,
su-student399,Filsan,Farah,su-student399@somaliuniversity.demo.test,SUDemo-S399-2026!,Mogadishu,SO,Africa/Mogadishu,somali-university,su-eng101,student,su-econ101,student,,
su-student400,Farhiya,Isse,su-student400@somaliuniversity.demo.test,SUDemo-S400-2026!,Mogadishu,SO,Africa/Mogadishu,somali-university,su-math101,student,su-eng101,student,,
su-student401,Mustaf,Duale,su-student401@somaliuniversity.demo.test,SUDemo-S401-2026!,Mogadishu,SO,Africa/Mogadishu,somali-university,su-math101,student,su-arb101,student,,
su-student402,Mustaf,Mohamed,su-student402@somaliuniversity.demo.test,SUDemo-S402-2026!,Mogadishu,SO,Africa/Mogadishu,somali-university,su-eng101,student,,,,
su-student403,Filsan,Nuur,su-student403@somaliuniversity.demo.test,SUDemo-S403-2026!,Mogadishu,SO,Africa/Mogadishu,somali-university,su-arb101,student,su-ict101,student,,
su-student404,Deeqa,Gedi,su-student404@somaliuniversity.demo.test,SUDemo-S404-2026!,Mogadishu,SO,Africa/Mogadishu,somali-university,su-eng101,student,,,,
su-student405,Ismail,Abdi,su-student405@somaliuniversity.demo.test,SUDemo-S405-2026!,Mogadishu,SO,Africa/Mogadishu,somali-university,su-arb101,student,su-ict101,student,su-eng101,student
su-student406,Nur,Awale,su-student406@somaliuniversity.demo.test,SUDemo-S406-2026!,Mogadishu,SO,Africa/Mogadishu,somali-university,su-ict101,student,,,,
su-student407,Nasra,Elmi,su-student407@somaliuniversity.demo.test,SUDemo-S407-2026!,Mogadishu,SO,Africa/Mogadishu,somali-university,su-eng101,student,,,,
su-student408,Guled,Warsame,su-student408@somaliuniversity.demo.test,SUDemo-S408-2026!,Mogadishu,SO,Africa/Mogadishu,somali-university,su-arb101,student,,,,
su-student409,Hibo,Jama,su-student409@somaliuniversity.demo.test,SUDemo-S409-2026!,Mogadishu,SO,Africa/Mogadishu,somali-university,su-arb101,student,,,,
su-student410,Layla,Sheikh,su-student410@somaliuniversity.demo.test,SUDemo-S410-2026!,Mogadishu,SO,Africa/Mogadishu,somali-university,su-econ101,student,su-math101,student,,
su-student411,Amina,Ismail,su-student411@somaliuniversity.demo.test,SUDemo-S411-2026!,Mogadishu,SO,Africa/Mogadishu,somali-university,su-ict101,student,su-econ101,student,su-math101,student
su-student412,Zakariye,Jama,su-student412@somaliuniversity.demo.test,SUDemo-S412-2026!,Mogadishu,SO,Africa/Mogadishu,somali-university,su-math101,student,su-ict101,student,,
su-student413,Amina,Guleed,su-student413@somaliuniversity.demo.test,SUDemo-S413-2026!,Mogadishu,SO,Africa/Mogadishu,somali-university,su-ict101,student,su-math101,student,,
su-student414,Yusuf,Hersi,su-student414@somaliuniversity.demo.test,SUDemo-S414-2026!,Mogadishu,SO,Africa/Mogadishu,somali-university,su-eng101,student,su-math101,student,,
su-student415,Yusuf,Abdi,su-student415@somaliuniversity.demo.test,SUDemo-S415-2026!,Mogadishu,SO,Africa/Mogadishu,somali-university,su-math101,student,su-eng101,student,,
su-student416,Deeqa,Sheikh,su-student416@somaliuniversity.demo.test,SUDemo-S416-2026!,Mogadishu,SO,Africa/Mogadishu,somali-university,su-ict101,student,su-math101,student,,
su-student417,Abdullahi,Yusuf,su-student417@somaliuniversity.demo.test,SUDemo-S417-2026!,Mogadishu,SO,Africa/Mogadishu,somali-university,su-math101,student,su-arb101,student,,
su-student418,Elmi,Yusuf,su-student418@somaliuniversity.demo.test,SUDemo-S418-2026!,Mogadishu,SO,Africa/Mogadishu,somali-university,su-eng101,student,su-math101,student,su-arb101,student
su-student419,Deeqa,Isse,su-student419@somaliuniversity.demo.test,SUDemo-S419-2026!,Mogadishu,SO,Africa/Mogadishu,somali-university,su-eng101,student,,,,
su-student420,Hodan,Abdi,su-student420@somaliuniversity.demo.test,SUDemo-S420-2026!,Mogadishu,SO,Africa/Mogadishu,somali-university,su-math101,student,,,,
su-student421,Farhiya,Aden,su-student421@somaliuniversity.demo.test,SUDemo-S421-2026!,Mogadishu,SO,Africa/Mogadishu,somali-university,su-math101,student,,,,
su-student422,Zahra,Guleed,su-student422@somaliuniversity.demo.test,SUDemo-S422-2026!,Mogadishu,SO,Africa/Mogadishu,somali-university,su-eng101,student,su-math101,student,su-ict101,student
su-student423,Sahra,Farah,su-student423@somaliuniversity.demo.test,SUDemo-S423-2026!,Mogadishu,SO,Africa/Mogadishu,somali-university,su-eng101,student,,,,
su-student424,Filsan,Hussein,su-student424@somaliuniversity.demo.test,SUDemo-S424-2026!,Mogadishu,SO,Africa/Mogadishu,somali-university,su-eng101,student,su-econ101,student,su-math101,student
su-student425,Mohamed,Hassan,su-student425@somaliuniversity.demo.test,SUDemo-S425-2026!,Mogadishu,SO,Africa/Mogadishu,somali-university,su-math101,student,su-ict101,student,su-econ101,student
su-student426,Guled,Ismail,su-student426@somaliuniversity.demo.test,SUDemo-S426-2026!,Mogadishu,SO,Africa/Mogadishu,somali-university,su-econ101,student,su-arb101,student,,
su-student427,Ismail,Nuur,su-student427@somaliuniversity.demo.test,SUDemo-S427-2026!,Mogadishu,SO,Africa/Mogadishu,somali-university,su-econ101,student,,,,
su-student428,Farah,Barre,su-student428@somaliuniversity.demo.test,SUDemo-S428-2026!,Mogadishu,SO,Africa/Mogadishu,somali-university,su-eng101,student,su-math101,student,su-econ101,student
su-student429,Ismail,Mohamed,su-student429@somaliuniversity.demo.test,SUDemo-S429-2026!,Mogadishu,SO,Africa/Mogadishu,somali-university,su-ict101,student,su-math101,student,,
su-student430,Fadumo,Hassan,su-student430@somaliuniversity.demo.test,SUDemo-S430-2026!,Mogadishu,SO,Africa/Mogadishu,somali-university,su-arb101,student,,,,
su-student431,Ahmed,Aden,su-student431@somaliuniversity.demo.test,SUDemo-S431-2026!,Mogadishu,SO,Africa/Mogadishu,somali-university,su-ict101,student,su-arb101,student,,
su-student432,Khalid,Nuur,su-student432@somaliuniversity.demo.test,SUDemo-S432-2026!,Mogadishu,SO,Africa/Mogadishu,somali-university,su-eng101,student,su-arb101,student,su-math101,student
su-student433,Ifrah,Warsame,su-student433@somaliuniversity.demo.test,SUDemo-S433-2026!,Mogadishu,SO,Africa/Mogadishu,somali-university,su-eng101,student,,,,
su-student434,Elmi,Ismail,su-student434@somaliuniversity.demo.test,SUDemo-S434-2026!,Mogadishu,SO,Africa/Mogadishu,somali-university,su-eng101,student,su-ict101,student,su-arb101,student
su-student435,Ayaan,Gedi,su-student435@somaliuniversity.demo.test,SUDemo-S435-2026!,Mogadishu,SO,Africa/Mogadishu,somali-university,su-math101,student,su-ict101,student,su-arb101,student
su-student436,Farhiya,Barre,su-student436@somaliuniversity.demo.test,SUDemo-S436-2026!,Mogadishu,SO,Africa/Mogadishu,somali-university,su-econ101,student,su-arb101,student,su-ict101,student
su-student437,Zakariye,Duale,su-student437@somaliuniversity.demo.test,SUDemo-S437-2026!,Mogadishu,SO,Africa/Mogadishu,somali-university,su-econ101,student,,,,
su-student438,Ifrah,Egal,su-student438@somaliuniversity.demo.test,SUDemo-S438-2026!,Mogadishu,SO,Africa/Mogadishu,somali-university,su-econ101,student,su-eng101,student,,
su-student439,Hussein,Osman,su-student439@somaliuniversity.demo.test,SUDemo-S439-2026!,Mogadishu,SO,Africa/Mogadishu,somali-university,su-math101,student,su-eng101,student,,
su-student440,Hamza,Ismail,su-student440@somaliuniversity.demo.test,SUDemo-S440-2026!,Mogadishu,SO,Africa/Mogadishu,somali-university,su-arb101,student,,,,
su-student441,Deeqa,Osman,su-student441@somaliuniversity.demo.test,SUDemo-S441-2026!,Mogadishu,SO,Africa/Mogadishu,somali-university,su-ict101,student,su-arb101,student,,
su-student442,Sagal,Farah,su-student442@somaliuniversity.demo.test,SUDemo-S442-2026!,Mogadishu,SO,Africa/Mogadishu,somali-university,su-eng101,student,su-math101,student,,
su-student443,Khalid,Farah,su-student443@somaliuniversity.demo.test,SUDemo-S443-2026!,Mogadishu,SO,Africa/Mogadishu,somali-university,su-arb101,student,,,,
su-student444,Yusuf,Jama,su-student444@somaliuniversity.demo.test,SUDemo-S444-2026!,Mogadishu,SO,Africa/Mogadishu,somali-university,su-eng101,student,su-ict101,student,,
su-student445,Mohamed,Aden,su-student445@somaliuniversity.demo.test,SUDemo-S445-2026!,Mogadishu,SO,Africa/Mogadishu,somali-university,su-econ101,student,su-arb101,student,su-eng101,student
su-student446,Omar,Aden,su-student446@somaliuniversity.demo.test,SUDemo-S446-2026!,Mogadishu,SO,Africa/Mogadishu,somali-university,su-arb101,student,su-ict101,student,su-math101,student
su-student447,Sahra,Hussein,su-student447@somaliuniversity.demo.test,SUDemo-S447-2026!,Mogadishu,SO,Africa/Mogadishu,somali-university,su-math101,student,su-eng101,student,,
su-student448,Abdi,Ismail,su-student448@somaliuniversity.demo.test,SUDemo-S448-2026!,Mogadishu,SO,Africa/Mogadishu,somali-university,su-arb101,student,,,,
su-student449,Nur,Aden,su-student449@somaliuniversity.demo.test,SUDemo-S449-2026!,Mogadishu,SO,Africa/Mogadishu,somali-university,su-arb101,student,su-ict101,student,,
su-student450,Abdullahi,Ali,su-student450@somaliuniversity.demo.test,SUDemo-S450-2026!,Mogadishu,SO,Africa/Mogadishu,somali-university,su-arb101,student,su-math101,student,,
su-student451,Mohamed,Hersi,su-student451@somaliuniversity.demo.test,SUDemo-S451-2026!,Mogadishu,SO,Africa/Mogadishu,somali-university,su-eng101,student,,,,
su-student452,Hamza,Awale,su-student452@somaliuniversity.demo.test,SUDemo-S452-2026!,Mogadishu,SO,Africa/Mogadishu,somali-university,su-econ101,student,,,,
su-student453,Rahma,Samatar,su-student453@somaliuniversity.demo.test,SUDemo-S453-2026!,Mogadishu,SO,Africa/Mogadishu,somali-university,su-ict101,student,su-arb101,student,su-math101,student
su-student454,Awil,Gedi,su-student454@somaliuniversity.demo.test,SUDemo-S454-2026!,Mogadishu,SO,Africa/Mogadishu,somali-university,su-econ101,student,su-math101,student,,
su-student455,Mohamed,Warsame,su-student455@somaliuniversity.demo.test,SUDemo-S455-2026!,Mogadishu,SO,Africa/Mogadishu,somali-university,su-arb101,student,su-ict101,student,su-econ101,student
su-student456,Ayaan,Samatar,su-student456@somaliuniversity.demo.test,SUDemo-S456-2026!,Mogadishu,SO,Africa/Mogadishu,somali-university,su-eng101,student,su-math101,student,su-ict101,student
su-student457,Awil,Aden,su-student457@somaliuniversity.demo.test,SUDemo-S457-2026!,Mogadishu,SO,Africa/Mogadishu,somali-university,su-econ101,student,su-arb101,student,su-ict101,student
su-student458,Yasmin,Isse,su-student458@somaliuniversity.demo.test,SUDemo-S458-2026!,Mogadishu,SO,Africa/Mogadishu,somali-university,su-arb101,student,su-math101,student,,
su-student459,Sahra,Aden,su-student459@somaliuniversity.demo.test,SUDemo-S459-2026!,Mogadishu,SO,Africa/Mogadishu,somali-university,su-eng101,student,su-arb101,student,,
su-student460,Ismail,Duale,su-student460@somaliuniversity.demo.test,SUDemo-S460-2026!,Mogadishu,SO,Africa/Mogadishu,somali-university,su-arb101,student,su-ict101,student,,
su-student461,Ayaan,Mohamed,su-student461@somaliuniversity.demo.test,SUDemo-S461-2026!,Mogadishu,SO,Africa/Mogadishu,somali-university,su-eng101,student,su-econ101,student,,
su-student462,Khalid,Egal,su-student462@somaliuniversity.demo.test,SUDemo-S462-2026!,Mogadishu,SO,Africa/Mogadishu,somali-university,su-arb101,student,su-eng101,student,,
su-student463,Zakariye,Samatar,su-student463@somaliuniversity.demo.test,SUDemo-S463-2026!,Mogadishu,SO,Africa/Mogadishu,somali-university,su-econ101,student,su-arb101,student,su-ict101,student
su-student464,Hibo,Abdi,su-student464@somaliuniversity.demo.test,SUDemo-S464-2026!,Mogadishu,SO,Africa/Mogadishu,somali-university,su-eng101,student,su-math101,student,su-ict101,student
su-student465,Liban,Aden,su-student465@somaliuniversity.demo.test,SUDemo-S465-2026!,Mogadishu,SO,Africa/Mogadishu,somali-university,su-arb101,student,su-math101,student,,
su-student466,Maryan,Ismail,su-student466@somaliuniversity.demo.test,SUDemo-S466-2026!,Mogadishu,SO,Africa/Mogadishu,somali-university,su-math101,student,,,,
su-student467,Filsan,Isse,su-student467@somaliuniversity.demo.test,SUDemo-S467-2026!,Mogadishu,SO,Africa/Mogadishu,somali-university,su-math101,student,,,,
su-student468,Elmi,Ali,su-student468@somaliuniversity.demo.test,SUDemo-S468-2026!,Mogadishu,SO,Africa/Mogadishu,somali-university,su-math101,student,su-econ101,student,su-arb101,student
su-student469,Jamal,Awale,su-student469@somaliuniversity.demo.test,SUDemo-S469-2026!,Mogadishu,SO,Africa/Mogadishu,somali-university,su-eng101,student,su-arb101,student,,
su-student470,Mohamed,Ali,su-student470@somaliuniversity.demo.test,SUDemo-S470-2026!,Mogadishu,SO,Africa/Mogadishu,somali-university,su-ict101,student,su-math101,student,,
su-student471,Jawahir,Osman,su-student471@somaliuniversity.demo.test,SUDemo-S471-2026!,Mogadishu,SO,Africa/Mogadishu,somali-university,su-arb101,student,,,,
su-student472,Hamza,Hersi,su-student472@somaliuniversity.demo.test,SUDemo-S472-2026!,Mogadishu,SO,Africa/Mogadishu,somali-university,su-arb101,student,,,,
su-student473,Jawahir,Isse,su-student473@somaliuniversity.demo.test,SUDemo-S473-2026!,Mogadishu,SO,Africa/Mogadishu,somali-university,su-arb101,student,,,,
su-student474,Sharmarke,Gedi,su-student474@somaliuniversity.demo.test,SUDemo-S474-2026!,Mogadishu,SO,Africa/Mogadishu,somali-university,su-ict101,student,su-econ101,student,,
su-student475,Abdullahi,Mohamed,su-student475@somaliuniversity.demo.test,SUDemo-S475-2026!,Mogadishu,SO,Africa/Mogadishu,somali-university,su-econ101,student,,,,
su-student476,Mohamed,Duale,su-student476@somaliuniversity.demo.test,SUDemo-S476-2026!,Mogadishu,SO,Africa/Mogadishu,somali-university,su-econ101,student,su-arb101,student,su-ict101,student
su-student477,Dahir,Barre,su-student477@somaliuniversity.demo.test,SUDemo-S477-2026!,Mogadishu,SO,Africa/Mogadishu,somali-university,su-eng101,student,,,,
su-student478,Kaafi,Hassan,su-student478@somaliuniversity.demo.test,SUDemo-S478-2026!,Mogadishu,SO,Africa/Mogadishu,somali-university,su-ict101,student,su-arb101,student,su-math101,student
su-student479,Ismail,Mire,su-student479@somaliuniversity.demo.test,SUDemo-S479-2026!,Mogadishu,SO,Africa/Mogadishu,somali-university,su-eng101,student,,,,
su-student480,Filsan,Awale,su-student480@somaliuniversity.demo.test,SUDemo-S480-2026!,Mogadishu,SO,Africa/Mogadishu,somali-university,su-ict101,student,,,,
su-student481,Hamza,Osman,su-student481@somaliuniversity.demo.test,SUDemo-S481-2026!,Mogadishu,SO,Africa/Mogadishu,somali-university,su-arb101,student,su-ict101,student,,
su-student482,Hamdi,Warsame,su-student482@somaliuniversity.demo.test,SUDemo-S482-2026!,Mogadishu,SO,Africa/Mogadishu,somali-university,su-econ101,student,su-arb101,student,su-ict101,student
su-student483,Awil,Barre,su-student483@somaliuniversity.demo.test,SUDemo-S483-2026!,Mogadishu,SO,Africa/Mogadishu,somali-university,su-eng101,student,su-econ101,student,su-arb101,student
su-student484,Hussein,Aden,su-student484@somaliuniversity.demo.test,SUDemo-S484-2026!,Mogadishu,SO,Africa/Mogadishu,somali-university,su-arb101,student,su-math101,student,su-econ101,student
su-student485,Hamdi,Ismail,su-student485@somaliuniversity.demo.test,SUDemo-S485-2026!,Mogadishu,SO,Africa/Mogadishu,somali-university,su-econ101,student,su-math101,student,,
su-student486,Bashir,Guleed,su-student486@somaliuniversity.demo.test,SUDemo-S486-2026!,Mogadishu,SO,Africa/Mogadishu,somali-university,su-econ101,student,,,,
su-student487,Naima,Yusuf,su-student487@somaliuniversity.demo.test,SUDemo-S487-2026!,Mogadishu,SO,Africa/Mogadishu,somali-university,su-arb101,student,su-math101,student,,
su-student488,Ayaan,Ali,su-student488@somaliuniversity.demo.test,SUDemo-S488-2026!,Mogadishu,SO,Africa/Mogadishu,somali-university,su-ict101,student,,,,
su-student489,Maryan,Abdi,su-student489@somaliuniversity.demo.test,SUDemo-S489-2026!,Mogadishu,SO,Africa/Mogadishu,somali-university,su-eng101,student,,,,
su-student490,Jamal,Ali,su-student490@somaliuniversity.demo.test,SUDemo-S490-2026!,Mogadishu,SO,Africa/Mogadishu,somali-university,su-eng101,student,,,,
su-student491,Jawahir,Gedi,su-student491@somaliuniversity.demo.test,SUDemo-S491-2026!,Mogadishu,SO,Africa/Mogadishu,somali-university,su-eng101,student,,,,
su-student492,Hassan,Isse,su-student492@somaliuniversity.demo.test,SUDemo-S492-2026!,Mogadishu,SO,Africa/Mogadishu,somali-university,su-eng101,student,,,,
su-student493,Omar,Gedi,su-student493@somaliuniversity.demo.test,SUDemo-S493-2026!,Mogadishu,SO,Africa/Mogadishu,somali-university,su-eng101,student,su-math101,student,su-ict101,student
su-student494,Jawahir,Guleed,su-student494@somaliuniversity.demo.test,SUDemo-S494-2026!,Mogadishu,SO,Africa/Mogadishu,somali-university,su-arb101,student,,,,
su-student495,Dahir,Hussein,su-student495@somaliuniversity.demo.test,SUDemo-S495-2026!,Mogadishu,SO,Africa/Mogadishu,somali-university,su-math101,student,su-eng101,student,,
su-student496,Yasmin,Hassan,su-student496@somaliuniversity.demo.test,SUDemo-S496-2026!,Mogadishu,SO,Africa/Mogadishu,somali-university,su-econ101,student,su-arb101,student,,
su-student497,Ifrah,Farah,su-student497@somaliuniversity.demo.test,SUDemo-S497-2026!,Mogadishu,SO,Africa/Mogadishu,somali-university,su-ict101,student,su-eng101,student,su-econ101,student
su-student498,Sahra,Nuur,su-student498@somaliuniversity.demo.test,SUDemo-S498-2026!,Mogadishu,SO,Africa/Mogadishu,somali-university,su-eng101,student,su-math101,student,,
su-student499,Kaafi,Egal,su-student499@somaliuniversity.demo.test,SUDemo-S499-2026!,Mogadishu,SO,Africa/Mogadishu,somali-university,su-ict101,student,,,,
su-student500,Amina,Jama,su-student500@somaliuniversity.demo.test,SUDemo-S500-2026!,Mogadishu,SO,Africa/Mogadishu,somali-university,su-arb101,student,su-ict101,student,su-econ101,student
